timestamp,Open,High,Low,Close,Volume,RSI,MACD,MACD_signal,MACD_diff,SMA_20,SMA_50,BB_upper,BB_middle,BB_lower,Target
2026-04-11 22:00:00,73427.04,73574.0,73234.25,73376.01,431.15797,59.53552533463881,197.84067730074457,155.85628950859777,41.984387792146805,72992.23150000001,72646.2052,73596.53318552708,72992.23150000001,72387.92981447294,0
2026-04-11 23:00:00,73376.01,73376.01,72907.4,73043.16,391.57799,51.0737495058352,170.50737313216086,158.7865062333104,11.72086689885046,73001.05799999999,72661.76939999999,73602.9155361195,73001.05799999999,72399.20046388048,1
2026-04-12 00:00:00,73043.16,73117.32,72873.25,73079.96,390.45862,51.88793482168035,150.0848998019792,157.04618494704417,-6.961285145064977,73014.752,72684.4484,73610.6749918906,73014.752,72418.82900810939,0
2026-04-12 01:00:00,73079.96,73137.24,71310.0,71643.69,2072.10202,30.532261806107883,17.79977226634219,129.1969024109038,-111.3971301445616,72960.82250000001,72681.5628,73798.88268626043,72960.82250000001,72122.76231373959,1
2026-04-12 02:00:00,71643.69,71982.46,71352.47,71761.35,839.35622,32.966246554879035,-76.65928517343127,88.02566489403678,-164.68495006746804,72910.79000000001,72677.5292,73896.77815911749,72910.79000000001,71924.80184088253,0
2026-04-12 03:00:00,71761.35,71861.33,71593.18,71593.19,790.20901,31.27941449403525,-163.20653205447888,37.77922550433365,-200.98575755881254,72853.1805,72666.2344,73993.63615031654,72853.1805,71712.72484968347,0
2026-04-12 04:00:00,71593.18,71685.31,71444.68,71466.53,611.50691,30.032889665118404,-239.25823223701445,-17.62826604393597,-221.62996619307847,72793.2985,72656.2578,74083.1475619646,72793.2985,71503.44943803542,1
2026-04-12 05:00:00,71466.53,71781.0,71417.22,71710.2,667.76838,35.36906419434493,-276.6782454029744,-69.43826191574367,-207.23998348723075,72733.45300000001,72653.0884,74105.09964830414,72733.45300000001,71361.80635169588,0
2026-04-12 06:00:00,71710.19,71753.33,71633.77,71668.01,377.10612,34.873135507613085,-306.2084751437942,-116.79230456135377,-189.41617058244043,72674.668,72644.10280000001,74121.10993071966,72674.668,71228.22606928035,0
2026-04-12 07:00:00,71668.01,71747.31,71588.57,71665.0,313.33908,34.83560705153465,-326.0952537140256,-158.65289439188814,-167.44235932213746,72612.5655,72634.846,74119.16863028317,72612.5655,71105.96236971683,0
2026-04-12 08:00:00,71664.99,71805.85,71595.0,71629.21,922.36362,34.3620969530423,-340.81492064267513,-195.08529964204553,-145.7296210006296,72547.0015,72631.3226,74104.09788498426,72547.0015,70989.90511501573,0
2026-04-12 09:00:00,71629.21,71633.01,71488.45,71531.94,372.12981,33.04734350610022,-356.22292270194157,-227.31282425402475,-128.91009844791682,72490.69499999999,72632.3244,74107.93653786009,72490.69499999999,70873.45346213989,0
2026-04-12 10:00:00,71531.95,71682.72,71357.76,71452.89,274.78665,31.976554347923738,-370.54118160648795,-255.9584957245174,-114.58268588197055,72428.106,72629.2608,74103.23329175312,72428.106,70752.97870824688,1
2026-04-12 11:00:00,71452.89,71556.12,71412.57,71468.55,211.53603,32.44354568585858,-376.28726842222386,-280.0242502640587,-96.26301815816515,72358.625,72622.8836,74071.48796613014,72358.625,70645.76203386986,0
2026-04-12 12:00:00,71468.54,71500.0,71077.44,71084.01,608.12473,27.45857468702323,-407.17656984853966,-305.4547141809549,-101.72185566758475,72261.109,72606.36200000001,74030.141303254,72261.109,70492.076696746,0
2026-04-12 13:00:00,71084.01,71146.03,70866.82,70889.42,708.82478,25.337023121454024,-442.26024965720717,-332.8158212762054,-109.44442838100179,72150.7815,72581.5986,73972.23537688276,72150.7815,70329.32762311723,0
2026-04-12 14:00:00,70889.42,71092.78,70700.0,70748.34,541.94034,23.895500852364776,-475.96170535165584,-361.4449980912955,-114.51670726036036,72010.80399999999,72551.3918,73811.44428157105,72010.80399999999,70210.16371842893,1
2026-04-12 15:00:00,70748.34,70932.0,70604.07,70892.03,502.43194,28.365755178654794,-485.47946459545346,-386.2518913921271,-99.22757320332636,71871.048,72522.8044,73559.97734598945,71871.048,70182.11865401054,1
2026-04-12 16:00:00,70892.04,70959.51,70821.05,70936.27,259.94883,29.734236662221818,-483.87475215573795,-405.7764635448493,-78.09828861088863,71753.34,72483.3498,73356.1171436355,71753.34,70150.56285636449,1
2026-04-12 17:00:00,70936.27,71202.0,70900.0,71140.51,322.7326,35.829135422322096,-460.8106070573267,-416.78329224734483,-44.027314809981874,71639.0135,72456.9498,73064.31001705582,71639.0135,70213.71698294418,0
2026-04-12 18:00:00,71140.51,71214.08,71056.2,71137.64,176.22609,35.78216600938049,-437.71795084567566,-420.970223967011,-16.74772687866465,71527.095,72419.856,72722.17276653257,71527.095,70332.01723346743,0
2026-04-12 19:00:00,71137.65,71222.58,71078.76,71084.18,233.07874,34.86530395265987,-418.90179055623594,-420.55653728485606,1.6547467286201254,71429.14600000001,72379.10639999999,72413.71644656872,71429.14600000001,70444.57555343129,1
2026-04-12 20:00:00,71084.18,71440.0,70956.83,71335.43,622.27061,42.34274710292524,-379.3432400097372,-412.31387782983234,32.970637820095135,71341.9195,72343.67360000001,71970.9380054985,71341.9195,70712.90099450151,1
2026-04-12 21:00:00,71335.43,71452.0,71163.01,71364.02,234.93742,43.142618836451085,-341.7463899803115,-398.2003802599282,56.453990279616676,71327.936,72306.2318,71941.74926692779,71327.936,70714.12273307222,0
2026-04-12 22:00:00,71364.03,71367.85,70505.88,70912.73,908.94869,34.9099312522542,-344.3959645728755,-387.4394971225177,43.04353254964218,71285.505,72257.2528,71890.8766486759,71285.505,70680.13335132411,0
2026-04-12 23:00:00,70912.73,70912.73,70571.66,70740.98,510.34077,32.37768118024404,-356.2479564665118,-381.2011889913166,24.953232524804775,71242.8945,72208.259,71875.01766636837,71242.8945,70610.77133363162,1
2026-04-13 00:00:00,70741.56,71262.63,70615.3,71172.62,546.73984,43.47478059748974,-327.04107881660457,-370.3691669563742,43.32808813976965,71228.199,72174.1714,71852.45936257044,71228.199,70603.93863742954,1
2026-04-13 01:00:00,71172.63,71227.28,71027.26,71197.64,720.27854,44.04795356302524,-298.4353361698886,-355.98240079907714,57.547064629188526,71202.571,72138.87019999999,71786.34801259692,71202.571,70618.79398740307,0
2026-04-13 02:00:00,71197.64,71271.78,70986.71,71073.14,270.71272,41.777797513193974,-282.5540809775266,-341.2967368347671,58.74265585724049,71172.82749999998,72103.7646,71718.06201970285,71172.82749999998,70627.59298029712,0
2026-04-13 03:00:00,71073.14,71155.42,70917.27,70976.0,348.9161,40.043684346820825,-274.64057242535637,-327.96550395288494,53.32493152752858,71138.37749999999,72064.19679999999,71640.20907580567,71138.37749999999,70636.5459241943,0
2026-04-13 04:00:00,70975.99,71144.0,70854.29,70890.3,584.47308,38.524413053761684,-272.147190255695,-316.801841213447,44.65465095775198,71101.432,72022.6714,71560.23504182146,71101.432,70642.62895817854,0
2026-04-13 05:00:00,70890.3,70920.0,70672.72,70878.82,533.46945,38.31470623496586,-268.0080767010659,-307.0430883109708,39.03501160990493,71068.776,71982.9152,71491.95251959511,71068.776,70645.59948040488,1
2026-04-13 06:00:00,70878.82,71106.54,70878.82,71017.66,697.01918,42.398534359974924,-250.63540281407768,-295.7615512115922,45.1261483975145,71047.0145,71947.1468,71431.9793961914,71047.0145,70662.04960380861,0
2026-04-13 07:00:00,71017.66,71067.91,70685.25,70813.88,859.13978,38.38205383955627,-250.42404403863475,-286.6940497770007,36.27000573836597,71014.281,71908.9788,71359.5981682333,71014.281,70668.96383176671,0
2026-04-13 08:00:00,70813.88,70861.01,70566.99,70680.7,334.12518,35.98292578090482,-258.02865988080157,-280.96097179776086,22.932311916959293,70994.1155,71867.3528,71366.80865413578,70994.1155,70621.42234586422,1
2026-04-13 09:00:00,70680.7,70910.68,70678.0,70792.88,250.58431,39.417953666210146,-252.09736277845514,-275.1882499938997,23.09088721544458,70989.2885,71828.3028,71369.70130626665,70989.2885,70608.87569373334,0
2026-04-13 10:00:00,70792.89,70846.9,70688.28,70755.88,177.99631,38.68072865008573,-247.5289976665954,-269.6563995284389,22.12740186184351,70989.6655,71790.137,71369.13618964503,70989.6655,70610.19481035498,1
2026-04-13 11:00:00,70755.89,70997.12,70736.29,70929.68,260.33899,43.98073206583206,-227.2645634887449,-261.1780323205001,33.91346883175521,70991.548,71750.58840000001,71369.43282761904,70991.548,70613.66317238096,1
2026-04-13 12:00:00,70929.68,71219.8,70758.5,71074.91,460.129,48.02348818265925,-197.2126613438304,-248.38495812516618,51.172296781335774,70998.48000000001,71715.21239999999,71377.14006602317,70998.48000000001,70619.81993397685,1
2026-04-13 13:00:00,71074.92,71700.82,70818.57,71662.65,1544.74455,60.4598210758602,-124.53504386456916,-223.61497527304678,99.07993140847762,71024.587,71690.3244,71498.76734270164,71024.587,70550.40665729836,1
2026-04-13 14:00:00,71662.65,72401.0,71375.24,72400.15,2098.23774,70.12070751717873,-7.3427789578272495,-180.36053601000287,173.01775705217563,71087.7125,71679.5176,71852.42564859599,71087.7125,70322.999351404,0
2026-04-13 15:00:00,72400.15,72464.28,71652.65,71866.59,1342.3378,58.90695768218402,41.9950101167633,-135.88942678464963,177.88443690141293,71126.833,71663.688,71963.48829451775,71126.833,70290.17770548225,1
2026-04-13 16:00:00,71866.59,72437.25,71679.8,72202.36,1514.19404,62.925121347943545,106.95646867813775,-87.32024769209215,194.2767163702299,71170.1795,71653.6418,72126.80143653479,71170.1795,70213.5575634652,0
2026-04-13 17:00:00,72202.37,72600.0,72069.01,72148.87,1653.64723,61.886938812898535,152.36631263731397,-39.38293562621094,191.74924826352492,71209.42199999999,71639.4558,72254.89692810901,71209.42199999999,70163.94707189097,1
2026-04-13 18:00:00,72148.87,72460.42,72053.78,72424.86,965.95939,65.0875668546364,208.22375377184653,10.13840225340056,198.08535151844598,71285.02849999999,71627.2664,72446.06473187715,71285.02849999999,70123.99226812282,1
2026-04-13 19:00:00,72424.86,73480.0,72298.93,73322.82,2632.95065,73.02487396689554,321.24592270889843,72.35990634450013,248.8860163643983,71414.12049999999,71631.8034,72846.83374391848,71414.12049999999,69981.4072560815,0
2026-04-13 20:00:00,73322.0,73394.37,73007.08,73149.36,1081.57049,69.7270940603341,392.2978679136286,136.34749865832583,255.95036925530275,71512.9575,71623.8328,73126.69197481159,71512.9575,69899.22302518842,1
2026-04-13 21:00:00,73149.36,73368.08,73072.85,73179.71,387.90227,69.98252240173434,445.9157979980664,198.26115852627396,247.65463947179245,71612.061,71613.68400000001,73372.90758458266,71612.061,69851.21441541734,1
2026-04-13 22:00:00,73179.71,74746.61,73172.01,74627.04,3298.60756,79.05737588473926,598.2990104802157,278.2687289170623,320.0302815631534,71789.75600000001,71640.4162,73965.5802455622,71789.75600000001,69613.93175443781,0
2026-04-13 23:00:00,74627.04,74900.0,74405.64,74417.99,1666.14205,75.50664395602092,694.1929916502122,361.45358146369233,332.7394101865199,71961.8555,71660.2352,74383.59479691436,71961.8555,69540.11620308565,0
2026-04-14 00:00:00,74418.0,74517.31,74102.39,74163.82,1276.45858,71.31289564917219,741.1369029184425,437.39024575464236,303.74665716380014,72125.53150000001,71675.9914,74674.59901268994,72125.53150000001,69576.46398731008,1
2026-04-14 01:00:00,74163.82,74431.0,73954.86,74386.02,1065.1631,72.73841384231258,787.1956721124297,507.3513310261999,279.84434108622986,72300.8915,71702.8486,74962.8164434819,72300.8915,69638.96655651809,0
2026-04-14 02:00:00,74386.03,74579.32,74283.2,74330.98,598.05117,71.78682389775845,809.9200562716724,567.8650760752944,242.05498019637798,72466.55750000001,71727.869,75199.86662220977,72466.55750000001,69733.24837779025,1
2026-04-14 03:00:00,74330.99,74496.9,74252.35,74444.43,646.36946,72.58301348691379,827.544345213857,619.8009299030069,207.74341531085008,72648.08499999999,71783.8838,75400.41077395555,72648.08499999999,69895.75922604444,0
2026-04-14 04:00:00,74444.44,74504.52,74351.55,74387.85,484.30563,71.49931240629583,827.4083397387731,661.3224118701602,166.08592786861288,72833.4425,71836.4138,75529.56995584385,72833.4425,70137.31504415616,0
2026-04-14 05:00:00,74387.85,74434.41,74150.6,74210.11,838.40961,68.06149420515331,803.6939384151192,689.796717179152,113.89722123596721,73004.304,71888.7522,75592.46787952077,73004.304,70416.14012047923,1
2026-04-14 06:00:00,74210.12,74550.0,74210.12,74522.73,614.57152,70.72747768156731,800.8937215556798,712.0161180544576,88.87760350122221,73192.6465,71949.8762,75643.51207868254,73192.6465,70741.78092131746,1
2026-04-14 07:00:00,74522.72,74924.64,74430.92,74546.0,1456.55359,70.922045504511,791.4291217762802,727.8987187988222,63.53040297745804,73373.4625,72006.59220000001,75657.77290896697,73373.4625,71089.15209103301,1
2026-04-14 08:00:00,74545.99,74910.0,74460.64,74750.0,938.29896,72.6390093823839,791.2682060314401,740.5726162453459,50.69558978609416,73557.21699999999,72068.232,75656.10088391636,73557.21699999999,71458.33311608362,0
2026-04-14 09:00:00,74750.0,74830.93,74435.12,74500.0,565.8647,67.38764549862043,762.1818110059103,744.8944551974588,17.28735580845148,73699.0845,72124.932,75644.5148229514,73699.0845,71753.6541770486,0
2026-04-14 10:00:00,74500.0,74617.92,74333.46,74350.01,540.18312,64.38043990972841,718.7424780257425,739.6640597631156,-20.921581737373117,73796.5775,72179.348,75665.79504633184,73796.5775,71927.35995366816,1
2026-04-14 11:00:00,74350.01,74450.63,74307.35,74376.52,653.35819,64.68044605681392,678.6327729498007,727.4578024004527,-48.82502945065198,73922.074,72236.2396,75581.37296646017,73922.074,72262.77503353982,1
2026-04-14 12:00:00,74376.52,74485.06,74277.19,74452.0,513.51818,65.56962706049956,645.495280107396,711.0652979418414,-65.57001783444548,74034.55600000001,72296.2218,75506.74665461502,74034.55600000001,72562.365345385,1
2026-04-14 13:00:00,74452.0,75532.94,74407.74,75525.94,3246.78739,75.15400880149294,697.847212722525,708.4216808979781,-10.574468175453148,74203.4095,72377.3696,75540.19004094857,74203.4095,72866.62895905142,0
2026-04-14 14:00:00,75525.94,76038.0,75013.61,75013.62,4357.56106,65.75092667119873,690.0421774469432,704.7457802077713,-14.703602760828062,74332.8475,72455.96179999999,75436.75237695036,74332.8475,73228.94262304965,1
2026-04-14 15:00:00,75013.61,75441.99,74564.34,75317.07,1661.60412,68.28226804555092,700.2702304082777,703.8506702478726,-3.5804398395948738,74432.56000000001,72544.51479999999,75513.55182350274,74432.56000000001,73351.56817649728,0
2026-04-14 16:00:00,75317.06,75688.0,74527.02,74652.2,1265.45725,58.14246317293432,647.2653120114992,692.533598600598,-45.26828658909881,74507.702,72622.592,75416.70471712672,74507.702,73598.69928287329,1
2026-04-14 17:00:00,74652.2,74948.78,74244.63,74748.9,985.979,59.09390898745029,606.0749592845532,675.241870737389,-69.16691145283585,74586.1615,72699.72940000001,75264.825711382,74586.1615,73907.497288618,0
2026-04-14 18:00:00,74748.89,74814.99,73795.47,74093.19,1613.97962,50.681342350327114,514.5891278399795,643.1113221579071,-128.52219431792764,74559.469,72762.8678,75270.8093708463,74559.469,73848.1286291537,1
2026-04-14 19:00:00,74093.18,74398.43,73882.79,74223.18,1054.69346,52.13605465540111,447.4175034564396,603.9725584176138,-156.55505496117416,74549.7285,72824.5212,75273.7729811272,74549.7285,73825.6840188728,0
2026-04-14 20:00:00,74223.3,74434.33,74015.53,74102.29,434.25271,50.640076221245906,380.04774072339933,559.1875948787709,-179.1398541553716,74546.65199999999,72883.8142,75277.71815256332,74546.65199999999,73815.58584743665,1
2026-04-14 21:00:00,74102.28,74320.44,73951.64,74277.15,381.06364,52.75189358857848,336.8830805681937,514.7266920166555,-177.84361144846184,74541.2085,72947.67360000001,75278.57199948364,74541.2085,73803.84500051635,0
2026-04-14 22:00:00,74277.16,74373.19,73806.09,74023.15,638.74603,49.44277279156895,278.96338294722955,467.57403020277036,-188.6106472555408,74525.817,73001.428,75292.36449019468,74525.817,73759.26950980531,1
2026-04-14 23:00:00,74023.16,74232.83,74001.08,74131.55,701.71447,50.85952585008238,239.05292603113048,421.8698093684424,-182.81688333731194,74510.173,73056.77859999999,75295.27212780729,74510.173,73725.0738721927,1
2026-04-15 00:00:00,74131.55,74677.19,74126.32,74568.36,874.99865,56.187443246371586,239.90504182584118,385.4768558599222,-145.571814034081,74519.19849999998,73129.8912,75302.6136926091,74519.19849999998,73735.78330739087,1
2026-04-15 01:00:00,74568.37,74786.72,74500.0,74613.28,443.16738,56.707277504120356,241.42205514847592,356.66589571763296,-115.24384056915704,74539.35699999999,73207.3372,75310.57488690599,74539.35699999999,73768.13911309399,0
2026-04-15 02:00:00,74613.28,74697.47,74188.0,74322.0,506.95652,52.36827252456385,216.62333846224647,328.65738426655565,-112.03404580430919,74529.3205,73270.3248,75306.3453550843,74529.3205,73752.2956449157,1
2026-04-15 03:00:00,74322.01,74372.84,74173.75,74345.97,317.62112,52.68908756924843,196.63763919567282,302.2534352523791,-105.6157960567063,74519.31899999999,73333.2914,75300.36659485946,74519.31899999999,73738.27140514052,0
2026-04-15 04:00:00,74345.98,74434.51,74261.47,74340.38,660.47305,52.60011143860792,178.2925171014067,277.46125162218465,-99.16873452077795,74498.838,73398.63620000001,75276.08863421253,74498.838,73721.58736578748,0
2026-04-15 05:00:00,74340.38,74434.0,73864.01,74021.5,542.04465,47.6561822441184,136.45001384121133,249.25900406598998,-112.80899022477865,74474.913,73459.5462,75279.52406696577,74474.913,73670.30193303424,0
2026-04-15 06:00:00,74021.5,74048.95,73855.49,73891.62,419.09008,45.76923852443757,91.75164218331338,217.75753168945465,-126.00588950614127,74451.99350000001,73519.5726,75294.74123690045,74451.99350000001,73609.24576309958,0
2026-04-15 07:00:00,73891.62,74016.67,73514.0,73730.43,1451.80452,43.4688643062888,42.82748613017611,182.77152257759897,-139.94403644742286,74419.689,73576.6048,75319.15603788177,74419.689,73520.22196211823,1
2026-04-15 08:00:00,73730.43,74181.9,73675.96,74110.51,532.83471,49.867217630445005,34.32830419531092,153.08287890114136,-118.75457470583044,74402.6145,73638.46179999999,75311.89131632098,74402.6145,73493.33768367901,0
2026-04-15 09:00:00,74110.52,74176.49,73909.49,74011.69,363.2179,48.33542298446539,19.395118301108596,126.34532678113482,-106.95020848002622,74326.902,73702.418,75089.8221499658,74326.902,73563.98185003421,0
2026-04-15 10:00:00,74011.7,74250.0,73789.5,73864.75,548.88747,46.06933273873008,-4.247407608039794,100.2267799032999,-104.4741875113397,74269.4585,73766.099,74988.6585447517,74269.4585,73550.25845524829,1
2026-04-15 11:00:00,73864.76,74256.44,73864.76,74201.78,444.7329,51.666555973932596,4.163233433035202,81.01407060924696,-76.85083717621175,74213.694,73834.27699999999,74748.69688916589,74213.694,73678.69111083412,1
2026-04-15 12:00:00,74201.78,74466.1,74051.64,74273.77,567.44529,52.79356231583693,16.44811477937037,68.10087944327165,-51.65276466390128,74194.77249999999,73904.6348,74691.82412862105,74194.77249999999,73697.72087137893,0
2026-04-15 13:00:00,74273.77,74434.51,73817.23,74063.92,676.35905,49.19274445914425,9.145407973453985,56.30978514930812,-47.164377175854135,74160.5235,73967.3196,74589.92001094397,74160.5235,73731.12698905602,1
2026-04-15 14:00:00,74063.91,74506.84,73830.0,74151.81,757.76569,50.70910361017315,10.330860954883974,47.11400031042329,-36.78313935553932,74163.4545,74028.8576,74591.7714685395,74163.4545,73735.13753146051,0
2026-04-15 15:00:00,74151.81,74299.07,73580.85,73844.08,743.29132,45.57974262084395,-13.406358059160993,35.00992863650644,-48.41628669566743,74144.49949999999,74072.4862,74593.61512499969,74144.49949999999,73695.38387500029,1
2026-04-15 16:00:00,73844.07,74176.0,73762.89,73941.09,547.84936,47.38652428638441,-24.112425855812035,23.185457738042743,-47.29788359385478,74136.43950000001,74103.305,74594.00233369487,74136.43950000001,73678.87666630515,1
2026-04-15 17:00:00,73941.09,74242.0,73915.48,74134.95,593.44252,50.895065683299954,-16.76096984629112,15.19617222117597,-31.95714206746709,74129.32949999999,74148.6722,74582.32187646882,74129.32949999999,73676.33712353116,1
2026-04-15 18:00:00,74134.95,74399.75,74073.61,74390.29,407.09098,55.13851113827844,9.558728962845635,14.068683569509904,-4.5099546066642695,74147.6865,74192.4308,74611.60398685608,74147.6865,73683.76901314392,1
2026-04-15 19:00:00,74390.29,75281.0,74355.46,75002.6,1179.99077,63.32350713677524,78.91588638922258,27.038124133452442,51.877762255770136,74191.239,74249.5054,74786.0124818869,74191.239,73596.46551811311,0
2026-04-15 20:00:00,75002.6,75039.92,74512.06,74841.68,570.09892,60.214176576042476,119.51929022595868,45.534357351953695,73.98493287400498,74204.905,74297.8418,74844.57609181192,74204.905,73565.23390818808,0
2026-04-15 21:00:00,74841.67,74855.16,74540.23,74743.1,310.66035,58.32479940937197,142.10509904133505,64.84850568982998,77.25659335150507,74211.39600000001,74326.2474,74869.86947467903,74211.39600000001,73552.92252532099,1
2026-04-15 22:00:00,74743.1,75425.0,74740.02,74964.0,653.95001,61.258325054029676,175.80275439195975,87.03935543025594,88.76339896170381,74243.49600000001,74362.54019999999,74978.54809615092,74243.49600000001,73508.44390384911,0
2026-04-15 23:00:00,74964.01,74964.01,74620.95,74809.99,311.26846,58.18330154879979,187.9149031208799,107.21446496838072,80.70043815249917,74266.69700000001,74395.1458,75041.44298722669,74266.69700000001,73491.95101277334,1
2026-04-16 00:00:00,74809.99,74874.93,74451.49,74815.1,636.94865,58.258172171795835,195.67063328604854,124.9056986319143,70.76493465413424,74290.43299999999,74398.907,75101.01370981477,74290.43299999999,73479.85229018521,0
2026-04-16 01:00:00,74815.09,74815.09,74454.09,74657.66,240.65148,54.99128285035817,186.95787904750614,137.3161347150327,49.64174433247345,74322.24100000001,74403.7004,75138.0229769251,74322.24100000001,73506.45902307492,1
2026-04-16 02:00:00,74657.67,75267.85,74601.27,74887.24,589.65615,58.633994586159574,196.3151470481098,149.11593718164812,47.19920986646167,74372.02200000001,74418.1688,75198.06408543138,74372.02200000001,73545.97991456864,1
2026-04-16 03:00:00,74887.23,75159.26,74865.5,74888.21,470.71966,58.649222282868706,201.48650919049396,159.5900515834173,41.896457607076655,74429.911,74428.2126,75229.8503308219,74429.911,73629.97166917809,1
2026-04-16 04:00:00,74888.21,75174.38,74728.0,74944.15,513.51186,59.57347858015429,207.70445378418663,169.21293202357117,38.491521760615456,74471.593,74440.476,75287.3370325027,74471.593,73655.84896749728,1
2026-04-16 05:00:00,74944.15,75139.82,74900.0,75043.48,359.01217,61.23054929015177,218.13282115777838,178.9969098504126,39.135911307365774,74523.1825,74452.457,75346.53006621658,74523.1825,73699.83493378341,1
2026-04-16 06:00:00,75043.47,75115.12,74853.72,75045.01,604.84284,61.2568922639941,223.93940162248327,187.98540820482674,35.953993417656534,74582.1955,74465.6002,75377.00692081552,74582.1955,73787.38407918449,0
2026-04-16 07:00:00,75045.01,75082.78,74636.0,74707.03,708.0609,52.73293352794898,198.97533330709848,190.1833932252811,8.791940081817387,74607.458,74475.5386,75384.21147375069,74607.458,73830.7045262493,0
2026-04-16 08:00:00,74707.02,74744.35,74500.0,74677.91,669.8621,52.06075919008003,174.82610219610797,187.1119350194465,-12.285832823338524,74627.66500000001,74478.6422,75389.52839207223,74627.66500000001,73865.80160792779,0
2026-04-16 09:00:00,74677.91,74901.5,74594.01,74594.02,316.26697,50.080280138786364,147.2213644060539,179.133820896768,-31.912456490714078,74654.17,74479.6026,75371.31048852354,74654.17,73937.02951147646,0
2026-04-16 10:00:00,74594.02,74653.12,74277.34,74313.0,526.53069,44.036798434269116,101.4984346342826,163.60674364427092,-62.10830900998832,74662.22949999999,74470.8626,75359.96651204591,74662.22949999999,73964.49248795406,1
2026-04-16 11:00:00,74312.99,74663.27,74285.0,74574.79,1174.6136,50.08035333775351,85.40248185431119,147.965891286279,-62.56340943196781,74698.76499999998,74472.3584,75289.65668152866,74698.76499999998,74107.8733184713,1
2026-04-16 12:00:00,74574.8,74872.0,74574.79,74624.0,529.55969,51.14831211408053,75.74402902835573,133.52151883469435,-57.77748980633862,74732.9105,74477.8382,75213.31969905719,74732.9105,74252.50130094281,0
2026-04-16 13:00:00,74624.01,75030.39,73309.85,73788.03,1828.93731,36.760698834596724,0.6266197883232962,106.94253902542015,-106.31591923709685,74715.56450000001,74466.0684,75295.7695875499,74715.56450000001,74135.35941245011,1
2026-04-16 14:00:00,73788.03,74197.32,73426.94,73973.33,1331.31817,40.73984285710232,-43.451425853170804,76.86374604970197,-120.31517190287278,74694.71650000001,74456.495,75345.80873442673,74694.71650000001,74043.6242655733,1
2026-04-16 15:00:00,73973.33,74878.99,73934.44,74697.19,1520.20876,53.143195841637166,-19.746516588202212,57.541693522121136,-77.28821011032335,74679.446,74439.92,75315.08042227098,74679.446,74043.81157772901,0
2026-04-16 16:00:00,74697.2,74932.0,74063.0,74175.57,762.35705,45.71741231240543,-42.55997495225165,37.52135982724658,-80.08133477949823,74646.14050000001,74423.159,75313.30489052065,74646.14050000001,73978.97610947936,1
2026-04-16 17:00:00,74175.58,74438.31,73912.23,74343.25,751.1945,48.22208450036357,-46.57257082205615,20.702573697386036,-67.2751445194422,74626.148,74403.6826,75304.36465109594,74626.148,73947.93134890407,1
2026-04-16 18:00:00,74343.25,75089.0,74240.0,75026.71,780.63438,56.942808965391464,5.335424673918169,17.62914389269246,-12.293719218774292,74629.28349999999,74411.1728,75314.26502440104,74629.28349999999,73944.30197559894,1
2026-04-16 19:00:00,75026.71,75410.71,74717.97,75342.99,1203.37407,60.27702036105927,71.17359294371272,28.338033702896517,42.8355592408162,74655.9335,74423.0546,75405.40212814315,74655.9335,73906.46487185685,0
2026-04-16 20:00:00,75343.0,75534.76,75001.0,75223.47,661.71844,58.435495006869736,112.41074936086079,45.15257683448937,67.25817252637142,74676.352,74445.6602,75463.3642647226,74676.352,73889.3397352774,0
2026-04-16 21:00:00,75223.48,75286.51,74789.5,74934.24,451.58433,54.12606512371123,120.36554997987696,60.19517146356689,60.170378516310066,74690.181,74459.8814,75485.07388951139,74690.181,73895.2881104886,0
2026-04-16 22:00:00,74934.24,75117.0,74833.14,74867.92,232.35004,53.15801529445154,119.9357721175038,72.14329159435428,47.79248052314952,74689.215,74475.19399999999,75483.19406376666,74689.215,73895.23593623334,1
2026-04-16 23:00:00,74867.92,75177.76,74840.92,75154.29,224.77396,56.75466550537123,141.07659262855304,85.92995180119404,55.14664082735901,74702.519,74492.7368,75518.01511719234,74702.519,73887.02288280767,0
2026-04-17 00:00:00,75154.28,75154.77,74886.82,74944.98,796.37355,53.520022587169564,139.33510906736774,96.61098325442879,42.72412581293895,74702.56049999999,74511.1734,75518.10588165498,74702.56049999999,73887.015118345,0
2026-04-17 01:00:00,74944.99,75034.49,74569.99,74750.0,407.29847,50.625487829036366,120.82887426509114,101.45456145656127,19.37431280852988,74687.8865,74523.5424,75488.79713457215,74687.8865,73886.97586542784,0
2026-04-17 02:00:00,74750.0,74802.98,74529.4,74700.0,235.53372,49.880485256416726,100.96411623751919,101.35647241275285,-0.3923561752336582,74670.63600000001,74526.1752,75454.72109365744,74670.63600000001,73886.55090634259,0
2026-04-17 03:00:00,74700.0,74839.31,74606.12,74615.82,721.66261,48.58418073599358,77.534757483867,96.59212942697569,-19.05737194310869,74666.0755,74526.22600000001,75450.32182328038,74666.0755,73881.82917671964,1
2026-04-17 04:00:00,74615.82,74871.11,74589.88,74791.39,213.9543,51.41988524107098,72.3004193437082,91.73378741032221,-19.43336806661401,74671.7495,74535.61379999999,75457.89595720678,74671.7495,73885.60304279323,0
2026-04-17 05:00:00,74791.39,74801.13,74555.12,74637.77,241.61979,48.87964722753672,55.12091887101997,84.41121370246177,-29.2902948314418,74673.937,74541.4498,75459.44935369266,74673.937,73888.42464630735,1
2026-04-17 06:00:00,74637.77,74950.0,74604.62,74938.52,276.57366,53.7018905823753,65.02449065029214,80.53386909202786,-15.50937844173572,74705.21300000002,74553.4126,75480.49529328666,74705.21300000002,73929.93070671338,1
2026-04-17 07:00:00,74938.53,75089.51,74930.0,75074.77,607.34373,55.73890002525049,82.91162534173054,81.0094203419684,1.902204999762148,74730.21200000001,74574.478,75519.18302465414,74730.21200000001,73941.24097534589,1
2026-04-17 08:00:00,75074.76,75881.95,74993.24,75780.38,1494.62708,64.45982010423955,152.2688775889692,95.26131179136856,57.007565797600634,74788.031,74612.2532,75697.65592190782,74788.031,73878.40607809219,0
2026-04-17 09:00:00,75780.38,76370.25,75518.78,75779.99,2004.70646,64.45226113070046,204.84223615773953,117.17749666464276,87.66473949309677,74887.629,74653.24440000001,75773.36856876488,74887.629,74001.88943123512,0
2026-04-17 10:00:00,75779.99,75886.01,75095.93,75278.77,1050.31882,55.452279767959425,203.7144431713532,134.48488596598486,69.22955720536834,74952.901,74676.6096,75747.19475663907,74952.901,74158.60724336092,1
2026-04-17 11:00:00,75278.77,75609.77,75246.65,75589.7,429.61331,59.2534171261713,225.31284532535938,152.65047783785977,72.66236748749961,74997.5265,74708.1698,75828.76762086136,74997.5265,74166.28537913866,1
2026-04-17 12:00:00,75589.7,76265.82,75531.97,76233.05,1128.91448,65.76299980215697,290.98837014316814,180.31805629892145,110.67031384424669,75100.4005,74755.5358,76005.28210979149,75100.4005,74195.51889020852,1
2026-04-17 13:00:00,76233.06,77417.61,76061.57,77340.12,5123.01639,73.58371061983019,427.4407229760109,229.74258963433934,197.69813334167154,75250.24399999999,74818.30260000001,76522.09766358549,75250.24399999999,73978.3903364145,1
2026-04-17 14:00:00,77340.11,78052.49,77015.39,77886.77,3617.10048,76.44494596115638,573.0841250760859,298.4108967226887,274.67322835339723,75393.247,74890.5626,77100.89822008093,75393.247,73685.59577991908,0
2026-04-17 15:00:00,77886.77,77999.0,77444.44,77785.02,1975.14451,74.82047490951935,672.5445213074709,373.2376216396451,299.30689966782575,75515.3485,74964.9846,77515.36051189664,75515.3485,73515.33648810335,1
2026-04-17 16:00:00,77785.03,78333.0,77705.2,77857.14,1402.18359,75.22238479301946,748.5581705336808,448.3017314184523,300.25643911522855,75647.032,75039.0912,77885.43427510247,75647.032,73408.62972489755,0
2026-04-17 17:00:00,77857.15,77917.77,77101.49,77520.59,1173.45635,69.6364443659839,772.7351530267624,513.1884157401144,259.54673728664807,75776.3495,75112.6214,78130.91572560905,75776.3495,73421.78327439094,0
2026-04-17 18:00:00,77520.59,77565.63,77088.23,77159.89,637.39265,64.13909590435514,754.0973455438507,561.3702017008616,192.7271438429891,75890.948,75176.9974,78280.34936387838,75890.948,73501.54663612162,1
2026-04-17 19:00:00,77159.88,77473.44,77000.0,77393.58,652.45495,66.01120484805088,749.5433101023082,599.0048233811509,150.53848672115726,76002.9125,75242.17,78452.8394916377,76002.9125,73552.98550836231,0
2026-04-17 20:00:00,77393.58,77611.68,77160.12,77337.64,357.23206,65.13463030708766,732.971079370589,625.7980745790386,107.1730047915504,76122.5455,75301.117,78587.77354432752,76122.5455,73657.31745567247,1
2026-04-17 21:00:00,77337.64,77494.69,77278.72,77445.73,307.76412,66.07213922753238,720.2567552432301,644.6898107118769,75.56694453135322,76257.33200000001,75349.9796,78702.34057309416,76257.33200000001,73812.32342690586,0
2026-04-17 22:00:00,77445.74,77510.0,77274.56,77301.25,474.88113,63.60999551491833,690.5618659098982,653.8642217514812,36.697644158417006,76387.39450000001,75399.171,78762.95722772978,76387.39450000001,74011.83177227023,0
2026-04-17 23:00:00,77301.25,77302.0,76911.0,77072.0,612.20073,59.80199500814694,641.1392390429246,651.3192252097699,-10.17998616684531,76510.2035,75445.74900000001,78757.20411588131,76510.2035,74263.2028841187,1
2026-04-18 00:00:00,77072.01,77258.55,76978.17,77168.0,324.03843,60.85869926882107,602.7694973204634,641.6092796319087,-38.83978231144533,76629.034,75489.829,78747.57224472819,76629.034,74510.49575527181,1
2026-04-18 01:00:00,77168.22,77330.0,77115.77,77218.07,266.4299,61.42822018608544,569.8327538362355,627.2539744727741,-57.42122063653858,76758.049,75537.99059999999,78681.06512884448,76758.049,74835.03287115552,1
2026-04-18 02:00:00,77218.06,77420.08,77124.63,77292.52,268.04149,62.306460048230846,543.4728237122763,610.4977443206745,-67.02492060839825,76875.749,75587.53899999999,78618.61232378532,76875.749,75132.88567621468,0
2026-04-18 03:00:00,77292.53,77296.95,76962.67,77005.47,268.91717,56.9247292212983,493.72845881502144,587.143887219544,-93.41542840452257,76972.284,75634.4952,78506.87090740408,76972.284,75437.69709259592,1
2026-04-18 04:00:00,77005.47,77162.08,76884.1,77100.74,370.07883,58.21474565320123,456.72830445034197,561.0607706657037,-104.3324662153617,77038.302,75678.7652,78472.42076454638,77038.302,75604.18323545362,1
2026-04-18 05:00:00,77100.73,77278.58,77100.73,77134.66,312.05483,58.689114426702375,425.2405675042246,533.896730033408,-108.65616252918335,77106.0355,75723.6942,78418.86925859208,77106.0355,75793.20174140792,1
2026-04-18 06:00:00,77134.66,77217.0,77058.4,77136.01,168.72376,58.70920576598598,395.83233408484375,506.2838508436951,-110.45151675885137,77198.89749999999,75767.5314,78209.5601173729,77198.89749999999,76188.23488262709,0
2026-04-18 07:00:00,77136.01,77136.01,76890.0,76997.8,276.05173,55.72137111928409,357.255486430513,476.4781779610587,-119.22269153054572,77269.3025,75806.6178,77970.58432077896,77269.3025,76568.02067922105,0
2026-04-18 08:00:00,76997.79,77048.0,76501.0,76738.63,773.24357,50.52840067167079,302.28564298134006,441.639670965115,-139.35402798377493,77294.5815,75840.4902,77869.73269098465,77294.5815,76719.43030901536,0
2026-04-18 09:00:00,76738.62,76738.63,76409.37,76599.89,462.93265,47.95206179658171,244.70567283760465,402.2528713396129,-157.54719850200826,77257.57,75878.3474,77906.74177464833,77257.57,76608.39822535169,0
2026-04-18 10:00:00,76599.89,76599.9,76132.32,76189.56,624.93038,41.25266490942501,164.07161448753322,354.616619969197,-190.5450054816638,77172.70950000001,75908.5804,77908.62343462757,77172.70950000001,76436.79556537245,0
2026-04-18 11:00:00,76189.55,76189.56,75763.76,76039.05,809.07399,39.09508282025662,87.02052473190997,301.0974009217396,-214.07687618982965,77085.41100000001,75937.481,77917.95958685604,77085.41100000001,76252.86241314397,1
2026-04-18 12:00:00,76039.06,76300.0,76039.05,76206.97,492.57948,42.69606925721748,39.056502561754314,248.6892212497426,-209.63271868798827,77002.9025,75975.3604,77840.23464878861,77002.9025,76165.57035121138,0
2026-04-18 13:00:00,76206.98,76212.7,75797.53,76122.87,456.87331,41.376591440074506,-5.6760675437544705,197.8161634910432,-203.49223103479767,76933.0165,76006.322,77817.82172494555,76933.0165,76048.21127505445,1
2026-04-18 14:00:00,76122.88,76288.4,75959.68,76249.99,461.97289,44.18443000707269,-30.517641643004026,152.14940246423376,-182.66704410723779,76887.5215,76038.8418,77813.59483885116,76887.5215,75961.44816114884,0
2026-04-18 15:00:00,76250.0,76363.75,76003.97,76167.34,261.12334,42.750730084511844,-56.22579637441959,110.47436269650309,-166.70015907092267,76826.2095,76086.428,77772.30062724878,76826.2095,75880.11837275121,0
2026-04-18 16:00:00,76167.33,76211.57,75691.03,75943.35,522.36094,39.05238818505184,-93.59491137624718,69.66050788195304,-163.25541925820022,76756.495,76125.8284,77746.05243799936,76756.495,75766.93756200063,0
2026-04-18 17:00:00,75943.34,75958.23,75778.69,75828.51,256.05723,37.27207530354351,-130.9671249944804,29.53498130666635,-160.50210630114674,76675.63399999999,76148.4548,77690.66708951768,76675.63399999999,75660.6009104823,0
2026-04-18 18:00:00,75828.51,75844.66,75445.16,75651.78,591.47146,34.65387808701077,-172.85296614842082,-10.942608184351084,-161.91035796406973,76593.1605,76177.979,77658.27128615268,76593.1605,75528.04971384731,0
2026-04-18 19:00:00,75651.78,75796.32,75574.22,75649.85,194.3187,34.625272971703424,-203.85363410494756,-49.52481336847038,-154.32882073647718,76522.053,76204.111,77638.4513908461,76522.053,75405.6546091539,1
2026-04-18 20:00:00,75649.86,75834.3,75608.44,75754.78,484.97143,37.63918577732706,-217.44830405259563,-83.10951150529544,-134.3387925473002,76451.392,76218.6724,77574.1856254467,76451.392,75328.59837455332,1
2026-04-18 21:00:00,75754.77,75839.1,75599.64,75821.34,197.94348,39.543174868051686,-220.31172576027166,-110.5499543562907,-109.76177140398096,76381.55549999999,76228.2394,77478.3649874766,76381.55549999999,75284.74601252338,0
2026-04-18 22:00:00,75821.35,75873.1,75608.89,75813.53,155.69572,39.39119912193933,-220.66749233168957,-132.5734619513705,-88.09403038031908,76307.606,76240.0406,77346.68071689754,76307.606,75268.53128310246,0
2026-04-18 23:00:00,75813.53,75891.64,75685.69,75691.76,141.95985,37.00329387788699,-228.14534372148046,-151.6878383053925,-76.45750541608797,76241.9205,76255.191,77262.15005960835,76241.9205,75221.69094039164,1
2026-04-19 00:00:00,75691.76,75847.42,75551.73,75693.01,297.06433,37.045482872426206,-231.30439716110413,-167.61115007653484,-63.69324708456929,76171.534,76271.6928,77137.86607411098,76171.534,75205.20192588902,0
2026-04-19 01:00:00,75693.0,75798.47,75457.11,75621.95,321.53516,35.58644743138524,-236.8120954723563,-181.45133915569915,-55.36075631665716,76095.8985,76281.046,76982.3526377029,76095.8985,75209.44436229709,0
2026-04-19 02:00:00,75621.96,75722.21,75407.84,75496.0,212.48934,33.09820508956231,-248.47582383047848,-194.85623609065502,-53.61958773982346,76013.898,76292.06640000001,76797.80734796288,76013.898,75229.98865203712,1
2026-04-19 03:00:00,75496.01,75637.44,75357.0,75515.77,175.28804,33.87971757734654,-253.2053452070104,-206.5260579139261,-46.679287293084286,75939.7965,76307.3818,76609.54526511312,75939.7965,75270.04773488687,1
2026-04-19 04:00:00,75515.76,75782.63,75424.4,75664.62,294.60425,39.600535114727926,-242.15120559938077,-213.65108745101708,-28.500118148363697,75886.09599999999,76326.6742,76455.78526851005,75886.09599999999,75316.40673148993,0
2026-04-19 05:00:00,75664.62,75687.04,75516.39,75545.6,174.63786,36.8547140483355,-240.22546994553704,-218.96596394992108,-21.259505995615967,75833.38149999999,76345.2698,76317.85824756432,75833.38149999999,75348.90475243566,0
2026-04-19 06:00:00,75545.6,75545.6,75280.92,75400.09,385.31594,33.77165982871884,-247.58672582989675,-224.69011632591622,-22.896609503980528,75793.908,76357.44380000001,76284.47988071016,75793.908,75303.33611928983,0
2026-04-19 07:00:00,75400.09,75400.09,74867.72,75252.34,771.61495,30.941274004028784,-262.31891518854536,-232.21587609844207,-30.103039090103294,75754.5725,76369.73520000001,76284.77237136407,75754.5725,75224.37262863592,1
2026-04-19 08:00:00,75252.33,75299.99,75071.58,75257.6,333.58261,31.162461973498736,-270.45223830213945,-239.86314853918154,-30.58908976295791,75707.10399999999,76376.1168,76236.78551107572,75707.10399999999,75177.42248892426,0
2026-04-19 09:00:00,75257.59,75265.0,74921.74,75015.0,313.21615,26.885369118849056,-293.0951297637657,-250.5095447840984,-42.58558497966732,75651.7105,76374.9214,76225.74713630334,75651.7105,75077.67386369666,1
2026-04-19 10:00:00,75015.0,75243.02,74933.87,75222.45,323.18472,35.089610984868784,-290.9464535041916,-258.5969265281171,-32.349526976074515,75600.3335,76363.7628,76133.46098817747,75600.3335,75067.20601182252,1
2026-04-19 11:00:00,75222.46,75641.99,75216.96,75604.11,418.71675,46.89582651685093,-255.50157662270067,-257.9778565470338,2.4762799243331415,75572.17199999999,76360.2452,76037.74285014356,75572.17199999999,75106.60114985642,0
2026-04-19 12:00:00,75604.11,75700.0,75432.07,75571.6,439.48255,46.12621889869806,-227.4130653722823,-251.8648983120835,24.45183293980122,75553.5845,76366.1018,75986.96617909869,75553.5845,75120.20282090131,1
2026-04-19 13:00:00,75571.61,76240.66,75552.44,75921.75,760.39543,54.741295219111045,-174.88260139690829,-236.4684389290485,61.585837532140204,75558.24650000001,76372.74279999999,76005.15264648985,75558.24650000001,75111.34035351017,1
2026-04-19 14:00:00,75921.75,76147.01,75674.55,76024.01,621.24056,56.90854596774362,-123.57579798148072,-213.88991073953497,90.31411275805425,75576.85800000001,76368.562,76066.73244973525,75576.85800000001,75086.98355026476,0
2026-04-19 15:00:00,76024.02,76155.3,75401.44,75846.63,1097.76631,52.23593169331535,-96.11986028586398,-190.3359006488008,94.21604036293681,75586.697,76338.69219999999,76089.7671470008,75586.697,75083.6268529992,0
2026-04-19 16:00:00,75846.63,75853.26,75311.11,75382.86,403.71917,42.4272615835776,-110.50931240140926,-174.3705829993225,63.86127059791323,75568.101,76288.614,76072.43804352883,75568.101,75063.76395647116,0
2026-04-19 17:00:00,75382.87,75382.87,74638.31,74791.26,795.68148,33.727057615069185,-167.71689668110048,-173.0398457356781,5.322949054577634,75516.59700000001,76228.73879999999,76109.56883326308,75516.59700000001,74923.62516673694,0
2026-04-19 18:00:00,74791.27,74908.62,74608.0,74770.11,531.16281,33.462868760077626,-212.31352941668592,-180.8945824718797,-31.418946944806237,75464.426,76166.9982,76123.6248084147,75464.426,74805.22719158532,1
2026-04-19 19:00:00,74770.11,75071.61,74770.11,74965.47,306.83274,38.27263258554365,-229.25011028454173,-190.56568803441212,-38.684422250129614,75428.1115,76115.8958,76112.74524577237,75428.1115,74743.47775422763,0
2026-04-19 20:00:00,74965.46,74965.47,74427.53,74630.0,452.71123,33.75968040733635,-266.66811398118443,-205.78617322376658,-60.88194075741785,75374.961,76065.29800000001,76130.4645496113,75374.961,74619.4574503887,0
2026-04-19 21:00:00,74630.01,74810.0,74368.6,74425.15,383.54881,31.330256459701673,-309.2865714189247,-226.4862528627982,-82.80031855612651,75315.12100000001,76005.92940000001,76166.4081342827,75315.12100000001,74463.83386571733,0
2026-04-19 22:00:00,74425.16,74425.16,73762.9,74047.34,1140.3898,27.412197259208597,-369.29115691666084,-255.04723367357076,-114.24392324309008,75242.688,75940.1234,76251.9520473648,75242.688,74233.42395263519,0
2026-04-19 23:00:00,74047.34,74054.22,73790.0,73801.79,415.64133,25.205916814972383,-431.68288450702676,-290.37436384026194,-141.30852066676482,75156.989,75867.2446,76335.78469749603,75156.989,73978.19330250398,1
2026-04-20 00:00:00,73801.8,74360.43,73724.31,74280.01,787.93368,36.00815989443257,-437.4972251033614,-319.79893609288183,-117.69828901047958,75087.7585,75806.8198,76301.29401030453,75087.7585,73874.22298969547,1
2026-04-20 01:00:00,74280.01,74746.93,74214.67,74595.13,689.61016,41.956964889915,-411.9291190166987,-338.2249726776452,-73.70414633905347,75040.23500000002,75757.2824,76252.77254685745,75040.23500000002,73827.69745314258,0
2026-04-20 02:00:00,74595.12,74627.99,74304.84,74410.01,739.68976,39.626447585487085,-401.9701855411986,-350.97401525035593,-50.996170290842656,74990.731,75702.1226,76221.17088247904,74990.731,73760.29111752096,1
2026-04-20 03:00:00,74410.01,74640.65,74359.04,74634.0,281.2031,43.701253820099,-371.71859737047635,-355.12293167438,-16.59566569609632,74959.81399999998,75650.4412,76193.476193769,74959.81399999998,73726.15180623096,0
2026-04-20 04:00:00,74634.01,74637.43,74435.19,74567.64,333.76794,42.78003293199962,-349.0747764689586,-353.91330063329576,4.838524164337173,74925.316,75595.9436,76162.3231742779,74925.316,73688.30882572211,0
2026-04-20 05:00:00,74567.63,74567.63,74095.18,74264.15,529.73957,38.756251883408424,-351.5658595065761,-353.44381240795184,1.8779529013757497,74887.7735,75541.1172,76156.77643298713,74887.7735,73618.77056701286,1
2026-04-20 06:00:00,74264.16,74894.11,74250.0,74786.59,441.3007,47.84966724113974,-307.83498884367873,-344.32204769509724,36.48705885141851,74865.9805,75494.8342,76126.18471072854,74865.9805,73605.77628927147,1
2026-04-20 07:00:00,74786.59,75572.0,74670.86,74837.17,1175.74482,48.64468666236311,-266.0299478531524,-328.6636277267083,62.63367987355588,74827.6335,75448.88440000001,76041.4834332001,74827.6335,73613.78356679989,0
2026-04-20 08:00:00,74837.18,74998.83,74619.41,74728.91,538.52852,46.99336719923242,-238.8811556485889,-310.7071333110845,71.82597766249557,74785.499,75400.74239999999,75950.65239386489,74785.499,73620.3456061351,1
2026-04-20 09:00:00,74728.92,75233.0,74706.87,75062.77,502.56404,52.363850701525706,-188.25573548091052,-286.2168537450497,97.9611182641392,74742.55,75362.04179999999,75794.86484799886,74742.55,73690.23515200114,0
2026-04-20 10:00:00,75062.77,75404.63,75003.63,75027.26,321.321,51.76312717332599,-149.27928679705656,-258.8293403554511,109.55005355839455,74692.7125,75327.8144,75578.83633118491,74692.7125,73806.58866881508,1
2026-04-20 11:00:00,75027.26,75287.88,74957.51,75192.71,284.12016,54.38865558409429,-103.84270407554868,-227.83201309947063,123.98930902392195,74660.0165,75299.6708,75411.43762771056,74660.0165,73908.59537228943,1
2026-04-20 12:00:00,75192.72,75650.0,75043.86,75289.9,698.85484,55.9069203179635,-59.30780075726216,-194.12717063102895,134.8193698737668,74655.3685,75281.6776,75389.80528772908,74655.3685,73920.93171227092,0
2026-04-20 13:00:00,75289.91,75434.41,74859.11,75269.38,774.09093,55.486962145724426,-25.376833191578044,-160.37710314313878,135.00026995156074,74679.2745,75266.2842,75459.54376909742,74679.2745,73899.00523090258,0
2026-04-20 14:00:00,75269.37,75766.74,74921.42,75034.79,1047.20928,50.789817423302985,-17.21727930745692,-131.74513837600242,114.5278590685455,74692.5085,75242.8406,75487.33402413082,74692.5085,73897.68297586917,1
2026-04-20 15:00:00,75034.79,75772.72,74702.0,75716.77,1196.9526,61.09949454153902,43.7747048388992,-96.6411697330221,140.41587457192128,74730.0735,75234.7186,75636.17715019122,74730.0735,73823.96984980878,0
2026-04-20 16:00:00,75716.78,75723.99,75299.26,75338.74,630.71705,54.30761285093906,60.9053510522499,-65.13186557596771,126.0372166282176,74765.5105,75216.4936,75707.89722612569,74765.5105,73823.12377387432,1
2026-04-20 17:00:00,75338.75,75991.47,75289.92,75898.14,642.61045,61.183782546995324,118.25722086554742,-28.454048287664687,146.7112691532121,74839.16,75211.1096,75887.87188085144,74839.16,73790.44811914857,1
2026-04-20 18:00:00,75898.14,76453.19,75898.14,76423.69,1544.76303,66.31289981001174,203.76757788888062,17.990276947644375,185.77730094123626,74957.97750000001,75220.7164,76149.6475455722,74957.97750000001,73766.30745442782,0
2026-04-20 19:00:00,76423.69,76486.67,76154.49,76296.96,1368.12243,64.11288887208826,258.33121854376805,66.05846526686912,192.27275327689892,75082.736,75230.0854,76286.49664242653,75082.736,73878.97535757348,0
2026-04-20 20:00:00,76296.97,76558.62,76113.07,76276.17,1418.8575,63.739300071665696,296.47810260619735,112.14239273473477,184.3357098714626,75182.54400000001,75242.5732,76433.61405121825,75182.54400000001,73931.47394878177,0
2026-04-20 21:00:00,76276.18,76357.2,75784.05,75954.71,523.28232,58.1016974905685,297.343061884676,149.18252656472302,148.16053531995297,75250.523,75248.6704,76514.21945094195,75250.523,73986.82654905805,1
2026-04-20 22:00:00,75954.72,76143.71,75904.39,75974.24,220.6417,58.342764399945395,296.1901603292499,178.58405331762842,117.6061070116215,75328.7345,75253.0596,76568.05746185391,75328.7345,74089.4115381461,0
2026-04-20 23:00:00,75974.24,75974.24,75617.6,75840.97,301.78476,55.975985137737794,281.2802783661027,199.12329832732328,82.15698003877944,75389.083,75253.4522,76604.52509009042,75389.083,74173.64090990958,1
2026-04-21 00:00:00,75840.97,76099.19,75700.0,76092.45,428.95831,59.32882783749646,286.4543562768522,216.58950991722907,69.86484635962313,75465.3235,75259.0306,76656.13848390405,75465.3235,74274.50851609594,0
2026-04-21 01:00:00,76092.46,76263.4,75866.01,75927.59,391.13593,56.30162852190909,274.0924588419439,228.09009970217204,46.00235913977184,75548.4955,75263.7472,76618.3293691304,75548.4955,74478.66163086961,0
2026-04-21 02:00:00,75927.58,75932.7,75580.0,75581.33,536.09341,50.47613102413541,233.6617704374803,229.20443384923368,4.457336588246619,75588.2325,75261.5136,76599.34278753273,75588.2325,74577.12221246726,1
2026-04-21 03:00:00,75581.33,75721.12,75474.77,75710.3,256.2515,52.44963050986411,209.61069809281616,225.2856866979502,-15.674988605134047,75631.889,75263.2806,76583.1416334868,75631.889,74680.6363665132,1
2026-04-21 04:00:00,75710.31,75823.49,75600.0,75813.81,259.64273,54.03287535322112,196.6357474171673,219.55569884179363,-22.919951424626333,75686.13399999999,75269.6368,76544.42085634559,75686.13399999999,74827.84714365439,0
2026-04-21 05:00:00,75813.8,75981.1,75782.75,75802.0,321.53858,53.81271891310364,183.28721629045322,212.30200233152556,-29.01478604107234,75723.0955,75275.3614,76533.13264022175,75723.0955,74913.05835977824,1
2026-04-21 06:00:00,75802.0,76129.95,75703.85,75974.11,408.87339,56.5887029679314,184.46979485168413,206.7355608355573,-22.265765983873166,75770.438,75281.5512,76520.7440485853,75770.438,75020.13195141469,1
2026-04-21 07:00:00,75974.12,76300.0,75814.26,76084.34,1236.72448,58.31666965763138,192.087372985392,203.80592326552426,-11.718550280132263,75815.0195,75292.326,76527.73409273592,75815.0195,75102.30490726407,1
2026-04-21 08:00:00,76084.34,76927.57,76063.98,76507.21,915.23783,64.20330679321202,229.5997504635452,208.96468870512848,20.635061758416725,75875.885,75314.4684,76606.51424533567,75875.885,75145.25575466432,0
2026-04-21 09:00:00,76507.21,76587.82,76155.0,76362.77,582.67237,61.032767038974015,244.8509892231814,216.14194880873907,28.709040414442313,75930.5545,75336.677,76634.61828607255,75930.5545,75226.49071392744,1
2026-04-21 10:00:00,76362.78,76866.55,76349.59,76746.41,536.34243,65.85573775811658,284.6134014796262,229.8362393429165,54.77716213670968,76016.1355,75366.45319999999,76678.74746495302,76016.1355,75353.52353504699,0
2026-04-21 11:00:00,76746.41,76750.68,76342.0,76452.94,624.94284,59.76224277482076,289.1121187576937,241.69141522587196,47.420703531821715,76052.944,75395.212,76726.64337445119,76052.944,75379.24462554882,0
2026-04-21 12:00:00,76452.94,76528.11,75709.03,76009.46,1039.78515,51.940962612842185,253.96470786436112,244.1460737535698,9.818634110791322,76086.48000000001,75410.9522,76676.16881189994,76086.48000000001,75496.79118810008,0
2026-04-21 13:00:00,76009.46,76179.75,75736.33,75899.98,686.08493,50.19452631647767,214.79993057911634,238.2768451186791,-23.476914539562756,76086.572,75416.8696,76676.14381064223,76086.572,75497.00018935777,0
2026-04-21 14:00:00,75899.98,76595.3,75625.28,75675.05,949.21411,46.718903244676554,163.72427965102543,223.36633202514838,-59.642052374122954,76049.14,75418.93860000001,76643.3879815026,76049.14,75454.8920184974,1
2026-04-21 15:00:00,75675.04,75979.78,75430.62,75834.65,923.86151,49.396393906929326,134.5735641985084,205.6077784598204,-71.034214261312,76026.0245,75417.1966,76615.86481711888,76026.0245,75436.18418288112,0
2026-04-21 16:00:00,75834.66,76190.72,75760.0,75781.18,496.33064,48.51674683355973,105.9356695938477,185.67335668662588,-79.73768709277817,76001.275,75412.34,76588.58808541516,76001.275,75413.96191458483,0
2026-04-21 17:00:00,75781.19,75912.98,75052.64,75545.62,995.0846,44.73705290548272,63.50021747233404,161.23872884376752,-97.73851137143348,75980.8205,75406.3198,76600.78320047387,75980.8205,75360.85779952613,1
2026-04-21 18:00:00,75545.62,75668.24,75310.88,75610.21,456.47055,45.97976311656453,34.68189780478133,135.92736263597027,-101.24546483118894,75962.61899999999,75410.8668,76603.31420016606,75962.61899999999,75321.92379983392,0
2026-04-21 19:00:00,75610.21,75919.5,74821.57,75023.43,954.2676,37.688207638722616,-35.100454046507366,101.72179929947474,-136.82225334598212,75921.742,75415.51019999999,76681.51967978786,75921.742,75161.96432021214,1
2026-04-21 20:00:00,75023.43,75859.56,74967.58,75698.51,797.25703,49.067792170177896,-35.52069604910503,74.2733002297588,-109.79399627886383,75902.045,75434.0782,76663.52283709035,75902.045,75140.56716290965,0
2026-04-21 21:00:00,75698.51,75777.38,75431.62,75549.99,249.37655,47.03276120926112,-47.292900512125925,49.960060081381855,-97.25296059350778,75883.16500000001,75445.7686,76659.7477154784,75883.16500000001,75106.58228452162,1
2026-04-21 22:00:00,75549.99,75650.04,75302.01,75650.04,389.29388,48.57988264393057,-47.99599061264598,30.36884994257629,-78.36484055522227,75886.6005,75466.1694,76658.40493314274,75886.6005,75114.79606685726,1
2026-04-21 23:00:00,75650.03,76425.37,75622.0,76336.15,477.13097,57.70377265049737,6.732539828401059,25.641587919741244,-18.909048091340185,75917.89300000001,75504.3894,76709.07425491181,75917.89300000001,75126.7117450882,1
2026-04-22 00:00:00,76336.14,76500.0,76220.4,76370.45,496.92701,58.10399801898229,52.270476329751546,30.967365601743303,21.303110728008242,75945.725,75550.8516,76759.15244648792,75945.725,75132.2975535121,0
2026-04-22 01:00:00,76370.46,76416.24,76132.95,76297.99,351.48706,56.87952882171248,81.57238696380227,41.0883698741551,40.484017089647175,75970.5245,75600.77560000001,76795.07947137477,75970.5245,75145.96952862522,1
2026-04-22 02:00:00,76297.99,77645.35,76223.9,77604.71,1622.85639,69.40228111962722,207.8398965834931,74.43867521602272,133.40122136747038,76052.0545,75667.2696,77141.73895695941,76052.0545,74962.37004304059,0
2026-04-22 03:00:00,77604.7,77733.11,77397.88,77521.48,956.6528,68.04676154485261,297.7594565808686,119.10283148899188,178.6566250918767,76123.9115,75725.7966,77388.18690166333,76123.9115,74859.63609833668,1
2026-04-22 04:00:00,77521.47,77700.0,77364.25,77523.0,547.1578,68.05903109135977,364.9372377004038,168.2697127312743,196.6675249691295,76174.701,75788.0564,77571.18951629938,76174.701,74778.21248370063,1
2026-04-22 05:00:00,77523.01,78452.18,77450.0,77994.93,2386.48879,71.6933333385986,451.05741108236543,224.82725240149253,226.2301586808729,76256.30900000001,75855.275,77862.27084457668,76256.30900000001,74650.34715542334,1
2026-04-22 06:00:00,77994.92,78042.84,77900.0,78010.72,576.88586,71.80891103555345,514.6498271385062,282.7917673488953,231.85805978961093,76319.5245,75924.1366,78088.89739507303,76319.5245,74550.15160492697,1
2026-04-22 07:00:00,78010.73,78111.0,77825.0,78012.79,880.5264,71.82515229789932,558.7731180413248,337.98803748738123,220.78508055394354,76397.51699999999,75999.1094,78314.8638108728,76397.51699999999,74480.17018912718,0
2026-04-22 08:00:00,78012.78,78219.41,77941.59,78010.92,987.44812,71.7849179393161,586.825689340767,387.7555678580584,199.0701214827086,76497.59,76063.596,78529.00738027423,76497.59,74466.17261972577,0
2026-04-22 09:00:00,78010.92,78184.7,77956.76,78001.95,415.39605,71.57779206995015,601.4011718193651,430.48468865031975,170.91648316904536,76602.6885,76126.89159999999,78715.42749324345,76602.6885,74489.94950675656,1
2026-04-22 10:00:00,78001.96,78180.0,77951.17,78157.41,352.72131,73.03020366251084,618.3685022875579,468.0614513777674,150.30705090979052,76726.80649999999,76195.4616,78897.83715225974,76726.80649999999,74555.77584774024,1
2026-04-22 11:00:00,78157.41,78399.0,78102.0,78300.0,560.88264,74.32612433269325,635.9897611753113,501.6471133372762,134.34264783803508,76850.074,76260.2062,79083.54517743133,76850.074,74616.60282256866,0
2026-04-22 12:00:00,78300.0,78508.18,78114.04,78236.05,952.94008,72.6402915613099,637.4464197207126,528.8069746139636,108.63944510674901,76972.81749999999,76324.382,79227.547783452,76972.81749999999,74718.08721654798,1
2026-04-22 13:00:00,78236.05,78850.0,78162.64,78840.94,1253.18724,77.77518752641339,679.576663085667,558.9609123083043,120.61575077736268,77137.5835,76397.3466,79432.31989146017,77137.5835,74842.84710853982,1
2026-04-22 14:00:00,78840.94,79174.68,78577.86,79045.75,1847.69509,79.1987270604705,721.1783447751804,591.4043988016795,129.773945973501,77309.3605,76472.4636,79635.17899507217,77309.3605,74983.54200492782,1
2026-04-22 15:00:00,79045.75,79400.0,78837.66,79272.9,1412.004,80.67699247879128,763.6739262154006,625.8583042844236,137.81562193097693,77521.834,76552.534,79747.7840314825,77521.834,75295.8839685175,0
2026-04-22 16:00:00,79272.91,79472.82,78632.37,78743.59,1010.97362,68.46675070000246,746.0411888683739,649.8948812012137,96.14630766716016,77674.08799999999,76626.71,79794.4096462379,77674.08799999999,75553.76635376208,1
2026-04-22 17:00:00,78743.6,79034.73,78705.71,78900.0,502.31388,69.9157012269788,736.2016232675232,667.1562296144757,69.04539365304754,77841.58849999998,76690.3746,79786.26117094801,77841.58849999998,75896.91582905196,1
2026-04-22 18:00:00,78900.01,79163.66,78828.76,79022.39,322.94022,71.03718179575762,729.8661046541092,679.6982046224025,50.16790003170672,78010.206,76764.04759999999,79738.29911751921,78010.206,76282.1128824808,0
2026-04-22 19:00:00,79022.4,79067.6,78706.81,78846.62,557.30668,67.16480912596094,702.5632783369947,684.2712193653209,18.292058971673782,78135.72949999999,76823.0172,79717.72387554635,78135.72949999999,76553.73512445363,0
2026-04-22 20:00:00,78846.62,78915.84,78410.0,78436.68,436.66543,59.07635803165212,640.463989588985,675.5097734100538,-35.04578382106877,78239.041,76863.27699999999,79600.98264272827,78239.041,76877.09935727173,1
2026-04-22 21:00:00,78436.69,78821.86,78425.0,78762.69,299.34545,62.902519570712954,610.5184614862519,662.5115110252934,-51.99304953904152,78362.276,76912.59159999999,79408.91033701434,78362.276,77315.64166298565,0
2026-04-22 22:00:00,78762.68,78824.0,78456.15,78607.95,294.6414,60.03346511807437,567.7554584258614,643.5603005054071,-75.80484207954567,78412.438,76959.2272,79403.73433532334,78412.438,77421.14166467664,0
2026-04-22 23:00:00,78607.95,78607.95,78155.83,78178.23,712.06893,52.82740786163266,493.50187530533003,613.5486154653917,-120.04674016006163,78445.2755,77003.6976,79356.62870523962,78445.2755,77533.92229476038,1
2026-04-23 00:00:00,78178.22,78574.44,77582.17,78424.29,1778.58027,56.078446462532504,449.330756047857,580.7050435818848,-131.37428753402776,78490.34,77052.6986,79298.05968325747,78490.34,77682.62031674253,0
2026-04-23 01:00:00,78424.3,78472.95,78057.5,78359.23,586.8685,54.99913700575028,404.41320385412837,545.4466756363336,-141.0334717822052,78508.55500000001,77103.0638,79286.65248400928,78508.55500000001,77730.45751599074,0
2026-04-23 02:00:00,78359.71,78359.72,77761.2,77939.92,508.32327,48.517900727322406,331.16346120829985,502.5900327507269,-171.42657154242704,78505.01499999998,77140.01319999999,79292.72483453396,78505.01499999998,77717.30516546601,0
2026-04-23 03:00:00,77939.91,78025.99,77453.43,77746.46,609.2036,45.83421052063278,254.56741256886744,452.98550871435503,-198.4180961454876,78491.6985,77176.3906,79320.1920209237,78491.6985,77663.2049790763,1
2026-04-23 04:00:00,77746.47,77949.09,77675.8,77920.09,305.0499,48.583083505364634,205.50603642607166,403.4896142566984,-197.98357783062676,78487.15699999999,77223.1658,79327.05977744839,78487.15699999999,77647.2542225516,1
2026-04-23 05:00:00,77920.09,78110.01,77750.0,78033.87,680.89298,50.36087000719306,173.80215441760083,357.5521222888789,-183.74996787127805,78488.753,77269.6372,79325.07539059201,78488.753,77652.43060940798,1
2026-04-23 06:00:00,78034.0,78339.35,78034.0,78211.43,433.12959,53.08690574625928,161.14660977372841,318.2710197858488,-157.1244100121204,78491.454,77317.5896,79323.8180621372,78491.454,77659.0899378628,0
2026-04-23 07:00:00,78211.43,78248.39,77981.88,78048.62,292.35484,50.35616389845088,136.40717610945285,281.8982510505696,-145.49107494111678,78478.885,77362.522,79329.8182972575,78478.885,77627.95170274249,0
2026-04-23 08:00:00,78048.61,78175.52,77714.86,77858.35,1135.26875,47.2943656964462,100.29169758492208,245.57694035744015,-145.28524277251807,78460.0,77400.2068,79347.62597600651,78460.0,77572.37402399349,0
2026-04-23 09:00:00,77858.34,77860.8,77440.85,77655.34,772.05261,44.205945355289835,54.658639509187196,207.39328018778957,-152.73464067860237,78400.72,77431.6268,79335.75790622707,78400.72,77465.68209377294,0
2026-04-23 10:00:00,77655.35,77709.16,77174.01,77403.63,1129.48909,40.66052523349068,-1.7960770972713362,165.5554087307774,-167.35148582804874,78318.614,77449.5552,79299.91683734301,78318.614,77337.31116265699,1
2026-04-23 11:00:00,77403.63,77757.31,77365.57,77704.62,525.42671,46.21548085335441,-21.9959140157589,128.04514418147016,-150.04105819722906,78240.2,77476.3922,79152.13509058562,78240.2,77328.26490941437,1
2026-04-23 12:00:00,77704.61,77870.54,77491.18,77870.53,636.21566,49.046952639265726,-24.336345629766583,97.56884621922282,-121.9051918489894,78196.54699999999,77498.8746,79091.33980013049,78196.54699999999,77301.7541998695,0
2026-04-23 13:00:00,77870.54,77904.37,77379.92,77532.23,592.70115,43.964522405823395,-52.87957443697087,67.47916208798408,-120.35873652495495,78128.15849999999,77520.4604,79006.36143673633,78128.15849999999,77249.95556326365,1
2026-04-23 14:00:00,77532.23,78201.53,77414.0,78180.77,926.52082,53.83974790351783,-22.904502141362173,49.40242924211483,-72.306931383477,78086.07749999998,77563.8866,78863.75401032824,78086.07749999998,77308.40098967173,1
2026-04-23 15:00:00,78180.78,78662.5,77983.25,78376.76,1008.45262,56.34362737923492,16.475790992146358,42.81710159212113,-26.341310599974776,78062.5845,77613.4222,78772.36429318963,78062.5845,77352.80470681036,0
2026-04-23 16:00:00,78376.77,78509.82,78030.0,78103.72,661.93618,52.103407113593256,25.360570045551867,39.32579528280728,-13.96522523725541,78045.9365,77661.9956,78735.15901011723,78045.9365,77356.71398988276,0
2026-04-23 17:00:00,78103.72,78184.85,76960.0,77769.21,1724.53866,47.39727119188101,5.348011525609763,32.53023853136778,-27.182227005758016,77996.2625,77700.6868,78610.85670641287,77996.2625,77381.66829358712,0
2026-04-23 18:00:00,77769.2,78146.75,77678.65,77678.65,731.06838,46.181154851526344,-17.61644898459781,22.50090102817466,-40.11735001277247,77949.7975,77738.63620000001,78510.54100121623,77949.7975,77389.05399878377,1
2026-04-23 19:00:00,77678.65,77886.88,77592.92,77727.26,830.20485,46.96772227589374,-31.530069623840973,11.694706897771535,-43.22477652161251,77927.249,77782.269,78485.7002880433,77927.249,77368.7977119567,1
2026-04-23 20:00:00,77727.25,78050.0,77637.5,77886.97,391.74493,49.575293232208345,-29.331338561998564,3.489497805817516,-32.82083636781608,77900.383,77827.8042,78410.18221707003,77900.383,77390.58378292997,0
2026-04-23 21:00:00,77886.97,78070.0,77800.0,77864.83,211.37751,49.214037257333395,-29.040579598309705,-3.016517675007928,-26.024061923301776,77875.663,77884.6322,78339.98575133273,77875.663,77411.34024866727,1
2026-04-23 22:00:00,77864.84,78331.0,77864.83,78235.3,271.3302,55.108856918238175,1.0713321777875535,-2.1989477044488317,3.270279882236385,77890.432,77935.368,78380.09013166455,77890.432,77400.77386833545,1
2026-04-23 23:00:00,78235.29,78298.01,78030.0,78257.48,228.06394,55.442316055410885,26.420421664137393,3.524926169268414,22.895495494868978,77915.98300000001,77989.5178,78425.83879432348,77915.98300000001,77406.12720567653,1
2026-04-24 00:00:00,78257.48,78490.83,78172.01,78417.22,451.37457,57.86956712406678,58.72252400628349,14.56444573667143,44.15807826961206,77940.8395,78044.8614,78495.56995813282,77940.8395,77386.10904186718,1
2026-04-24 01:00:00,78417.22,78450.0,77952.16,78429.73,533.84795,58.06224223254742,84.35918511188356,28.523393611713857,55.835791500169705,77960.63249999999,78086.733,78554.12275198082,77960.63249999999,77367.14224801917,0
2026-04-24 02:00:00,78429.73,78581.93,78067.17,78125.65,425.56297,51.8545294006429,79.22643600530864,38.66400209043282,40.562433914875825,77956.34349999999,78121.837,78543.73040398429,77956.34349999999,77368.95659601569,0
2026-04-24 03:00:00,78125.65,78178.4,77555.0,77737.85,639.95986,45.21516418621043,43.366573474457255,39.60451636723771,3.7620571072195474,77940.80500000001,78150.6342,78534.01869375736,77940.80500000001,77347.59130624266,0
2026-04-24 04:00:00,77737.84,77854.57,77482.49,77670.0,605.14416,44.15004611379792,9.364498004710185,33.556512694732206,-24.19201469002202,77931.3875,78151.93999999999,78535.41981158295,77931.3875,77327.35518841704,1
2026-04-24 05:00:00,77670.01,78057.65,77457.0,77953.48,423.6718,49.50236450325548,5.23176653405244,27.891563462596253,-22.659796928543813,77946.29449999999,78160.57999999999,78536.9071735012,77946.29449999999,77355.68182649878,0
2026-04-24 06:00:00,77953.48,77979.54,77761.2,77789.75,280.75336,46.71758976246935,-11.126832384936279,20.08788429308975,-31.21471667802603,77965.6005,78165.915,78507.20619396959,77965.6005,77423.99480603042,0
2026-04-24 07:00:00,77789.75,77855.67,77543.52,77644.6,696.90666,44.336379139496216,-35.39551435982867,8.991204562506066,-44.38671892233474,77962.5995,78158.9084,78510.58380968438,77962.5995,77414.61519031561,1
2026-04-24 08:00:00,77644.59,78000.0,77550.73,77785.71,731.67499,47.15629454958748,-42.749433122371556,-1.356922974469458,-41.3925101479021,77958.3585,78154.40819999999,78510.42505378881,77958.3585,77406.29194621119,0
2026-04-24 09:00:00,77785.7,77804.23,77402.01,77527.69,621.09775,42.87881748318928,-68.6066693822213,-14.806872256019828,-53.79979712620147,77958.13149999999,78144.70619999999,78510.90201782114,77958.13149999999,77405.36098217884,1
2026-04-24 10:00:00,77527.7,77784.0,77444.95,77752.36,379.99202,47.35665083809545,-70.16095227091864,-25.87768825899959,-44.28326401191905,77936.71100000001,78139.535,78486.50613984506,77936.71100000001,77386.91586015496,1
2026-04-24 11:00:00,77752.37,78372.58,77752.37,78240.26,1186.36064,55.51265821816469,-31.658342542446917,-27.033819115689056,-4.624523426757861,77929.88600000001,78144.3012,78460.72321412242,77929.88600000001,77399.0487858776,1
2026-04-24 12:00:00,78240.27,78345.15,78016.51,78275.66,579.40035,56.044768678037485,1.6922302367456723,-21.288609245202114,22.980839481947786,77938.483,78146.6662,78485.62173392883,77938.483,77391.34426607116,0
2026-04-24 13:00:00,78275.65,78479.37,77913.27,78093.79,852.96848,52.56609610947568,13.294163551079691,-14.372054685945754,27.666218237025447,77954.712,78142.542,78500.05652921548,77954.712,77409.36747078452,0
2026-04-24 14:00:00,78093.8,78093.8,77681.74,78037.64,755.72516,51.50321140251167,17.753294625828858,-7.946984823590832,25.70027944941969,77972.6615,78138.5738,78503.92911844881,77972.6615,77441.3938815512,1
2026-04-24 15:00:00,78037.65,78233.18,77577.22,78038.62,662.02033,51.52163563438149,21.12277572855237,-2.1330327131621916,23.25580844171456,77988.2295,78122.52739999999,78507.94245675621,77988.2295,77468.5165432438,0
2026-04-24 16:00:00,78038.63,78060.29,77586.86,77777.28,525.06319,46.45338303704023,2.6743318548542447,-1.1715597995589044,3.8458916544131494,77982.745,78097.158,78508.89182314092,77982.745,77456.59817685907,0
2026-04-24 17:00:00,77776.76,77829.17,77489.6,77681.71,537.36482,44.72085953582044,-19.43387154310767,-4.824022148268658,-14.609849394839014,77973.589,78065.3342,78513.81004268279,77973.589,77433.36795731723,0
2026-04-24 18:00:00,77681.72,77717.08,77363.63,77618.24,321.31558,43.55895398985353,-41.596778803141206,-12.178573479243168,-29.418205323898036,77942.736,78042.8272,78490.08159226987,77942.736,77395.39040773014,1
2026-04-24 19:00:00,77618.25,77748.66,77532.46,77628.85,250.57895,43.821714883019666,-57.640460801136214,-21.270950943621777,-36.36950985751444,77911.3045,78017.4042,78454.92897305122,77911.3045,77367.68002694877,1
2026-04-24 20:00:00,77628.84,77757.14,77458.0,77718.31,376.29595,46.10022429475567,-62.41701551976439,-29.5001638588503,-32.91685166091409,77876.359,77991.3226,78373.25143564097,77876.359,77379.46656435903,0
2026-04-24 21:00:00,77718.31,77756.15,77536.48,77536.48,322.69633,42.341265927276275,-79.95298271505453,-39.59072763009115,-40.36225508496338,77831.69649999999,77965.1198,78279.78442794738,77831.69649999999,77383.6085720526,0
2026-04-24 22:00:00,77536.49,77616.78,77264.08,77328.91,278.27896,38.48360578032968,-109.33913384850894,-53.54040887377471,-55.79872497473423,77791.8595,77942.9644,78269.05124948878,77791.8595,77314.66775051123,1
2026-04-24 23:00:00,77328.92,77456.87,77328.92,77437.13,237.08832,41.47733062017186,-122.48350714282424,-67.32902852758463,-55.15447861523961,77776.8235,77916.4532,78278.21240994132,77776.8235,77275.43459005868,1
2026-04-25 00:00:00,77437.13,77502.99,77309.92,77456.88,429.63681,42.031771560394304,-129.81048328915494,-79.8253194798987,-49.98516380925625,77766.16750000001,77893.43179999999,78284.94216618576,77766.16750000001,77247.39283381426,1
2026-04-25 01:00:00,77456.88,77620.52,77440.8,77541.63,200.07888,44.46324191521338,-127.31098615836527,-89.32245281559202,-37.98853334277325,77745.575,77880.6998,78265.6684274735,77745.575,77225.48157252649,1
2026-04-25 02:00:00,77541.63,77644.04,77504.43,77607.8,171.0703,46.35520497271549,-118.62333471789316,-95.18262919605226,-23.440705521840897,77736.47750000001,77864.37,78259.51881698762,77736.47750000001,77213.4361830124,1
2026-04-25 03:00:00,77607.8,77711.87,77550.27,77679.07,142.22205,48.39440227419168,-104.77958119937102,-97.10201959671602,-7.677561602655004,77738.201,77850.7668,78260.24617685458,77738.201,77216.15582314543,0
2026-04-25 04:00:00,77679.08,77691.23,77596.37,77619.05,275.21191,46.78160173292823,-97.52718649171584,-97.18705297571599,-0.3401335159998524,77729.86799999999,77844.3494,78253.93038394404,77729.86799999999,77205.80561605594,0
2026-04-25 05:00:00,77619.05,77619.05,77485.51,77510.28,174.55862,43.92471943961965,-99.41049905418186,-97.63174219140916,-1.7787568627726955,77728.9975,77839.6258,78254.4562903881,77728.9975,77203.5387096119,0
2026-04-25 06:00:00,77510.27,77582.28,77489.35,77503.63,269.54814,43.74881340509897,-100.28362998997909,-98.16211975112316,-2.121510238855933,77716.561,77831.29659999999,78250.91782366479,77716.561,77182.20417633522,0
2026-04-25 07:00:00,77503.63,77566.26,77450.0,77501.19,174.69907,43.679693332258125,-100.01951741843368,-98.53359928458528,-1.4859181338484007,77679.6075,77820.64300000001,78163.8592685627,77679.6075,77195.3557314373,1
2026-04-25 08:00:00,77501.19,77654.41,77491.36,77643.37,116.50084,48.75989855639884,-87.33077375219727,-96.29303417810769,8.962260425910415,77647.993,77809.2818,78047.62881376685,77647.993,77248.35718623316,1
2026-04-25 09:00:00,77643.38,77779.65,77587.1,77714.55,144.65626,51.13623187607791,-70.71605123586778,-91.17763758965971,20.46158635379193,77629.03099999999,77802.6004,77974.58783711522,77629.03099999999,77283.47416288476,1
2026-04-25 10:00:00,77714.56,77885.35,77714.55,77787.77,306.44644,53.52394976568372,-51.052025888478965,-83.15251524942356,32.10048936094459,77616.5375,77801.1888,77917.25751688627,77616.5375,77315.81748311374,0
2026-04-25 11:00:00,77787.76,77787.77,77607.03,77682.3,185.59351,49.75260861307742,-43.47751000789867,-75.21751420111859,31.740004193219917,77598.7215,77801.728,77831.95336543024,77598.7215,77365.48963456976,0
2026-04-25 12:00:00,77682.29,77717.95,77550.61,77557.14,161.82067,45.64262950713615,-47.03186354866193,-69.58038407062726,22.54852052196533,77587.7145,77804.7982,77806.53329146926,77587.7145,77368.89570853075,1
2026-04-25 13:00:00,77557.14,77710.91,77557.14,77691.69,161.65796,50.38743356095372,-38.54730448745249,-63.373768153992316,24.826463666539823,77588.2135,77804.5396,77807.93108603275,77588.2135,77368.49591396724,0
2026-04-25 14:00:00,77691.7,77752.54,77638.0,77656.75,202.75966,49.18674112840495,-34.24780887554516,-57.54857629830288,23.300767422757723,77590.139,77800.26400000001,77811.54387717541,77590.139,77368.73412282458,0
2026-04-25 15:00:00,77656.74,77722.7,77299.89,77330.26,480.35839,39.673266555162094,-56.53375608701026,-57.34561225604436,0.8118561690341011,77575.20950000001,77796.2246,77822.87110457379,77575.20950000001,77327.54789542624,1
2026-04-25 16:00:00,77330.25,77454.31,77140.23,77397.27,471.60364,42.14655492577117,-68.00446964484581,-59.47738373380466,-8.527085911041155,77559.1575,77780.5546,77809.24257767567,77559.1575,77309.07242232433,0
2026-04-25 17:00:00,77397.27,77407.03,77210.96,77245.77,151.09691,38.32128002427307,-88.30198631103849,-65.24230424925143,-23.059682061787058,77544.622,77757.93479999999,77829.64290145293,77544.622,77259.60109854708,1
2026-04-25 18:00:00,77245.78,77389.01,77216.29,77313.0,331.13304,40.88535555130255,-97.83523171833076,-71.7608897430673,-26.074341975263465,77543.8265,77742.1204,77831.32919524309,77543.8265,77256.3238047569,1
2026-04-25 19:00:00,77313.0,77343.81,77193.79,77330.01,293.84127,41.54745733016502,-102.83244414033834,-77.9752006225215,-24.85724351781684,77538.47050000001,77733.3364,77837.48508716932,77538.47050000001,77239.4559128307,1
2026-04-25 20:00:00,77330.0,77481.7,77311.05,77479.13,85.63447,47.13724988187323,-93.6801468169433,-81.11618986140587,-12.563956955537435,77539.583,77729.34599999999,77837.53875135418,77539.583,77241.62724864582,1
2026-04-25 21:00:00,77479.14,77530.0,77415.2,77525.84,150.55151,48.78925737349473,-81.71580963402812,-81.23611381593032,-0.47969581809779527,77538.7935,77725.3176,77836.80704414194,77538.7935,77240.77995585806,1
2026-04-25 22:00:00,77525.83,77634.77,77498.81,77557.01,242.12513,49.91409390542929,-68.92431116156513,-78.7737532850573,9.849442123492167,77536.254,77718.7184,77832.73378854727,77536.254,77239.77421145274,1
2026-04-25 23:00:00,77557.01,77650.0,77530.0,77625.0,362.30872,52.371560450283695,-52.69331593487004,-73.55766581501985,20.864349880149803,77533.5505,77713.92180000001,77825.72667613356,77533.5505,77241.37432386643,0
2026-04-26 00:00:00,77625.0,77642.43,77445.94,77502.4,307.91239,47.815678001170596,-49.15628758420644,-68.67739016885717,19.521102584650734,77527.71800000001,77699.2638,77817.48149581173,77527.71800000001,77237.95450418828,0
2026-04-26 01:00:00,77502.39,77572.81,77451.16,77461.16,130.56583,46.35489578027431,-49.11472648229392,-64.76485743154453,15.65013094925061,77525.262,77683.3374,77816.40446077312,77525.262,77234.11953922689,1
2026-04-26 02:00:00,77461.16,77590.97,77452.07,77512.67,85.92459,48.47234550238154,-44.41339255365892,-60.69456445596741,16.281171902308486,77525.714,77665.2464,77816.74877156009,77525.714,77234.67922843993,0
2026-04-26 03:00:00,77512.67,77541.96,77326.51,77400.21,146.77411,44.355871795083985,-49.19504383401363,-58.39466033157666,9.199616497563028,77520.66500000001,77644.656,77816.68735412386,77520.66500000001,77224.64264587616,1
2026-04-26 04:00:00,77400.21,77814.43,77383.46,77774.29,227.07196,57.33519780258209,-22.539584935919265,-51.22364525244519,28.684060316525922,77527.211,77637.6288,77839.15916620237,77527.211,77215.26283379762,1
2026-04-26 05:00:00,77774.29,78200.0,77719.77,77983.31,797.06637,62.5865229267072,15.275143088918412,-37.92388758417247,53.19903067309088,77540.649,77642.538,77902.83047163686,77540.649,77178.46752836315,1
2026-04-26 06:00:00,77983.31,78045.0,77899.45,77999.04,206.01822,62.95604642845898,45.98280586520559,-21.14254889429686,67.12535475950244,77551.2125,77649.11880000001,77951.88664730181,77551.2125,77150.53835269818,1
2026-04-26 07:00:00,77999.04,78121.45,77968.36,78102.53,175.6113,65.37880633478728,77.77310797352402,-1.3594175207326806,79.1325254942567,77572.224,77652.09980000001,78037.11888103986,77572.224,77107.32911896014,0
2026-04-26 08:00:00,78102.53,78210.0,78019.65,78032.59,265.96473,62.408190042581815,96.214477340749,18.155361451563657,78.05911588918534,77595.9965,77656.9566,78102.16701353478,77595.9965,77089.8259864652,0
2026-04-26 09:00:00,78032.59,78058.45,77926.59,77999.99,168.80014,61.01652819926856,106.96581257328216,35.91745167590736,71.0483608973748,77611.4115,77664.0644,78146.26549904281,77611.4115,77076.55750095719,1
2026-04-26 10:00:00,78000.0,78050.19,77954.0,78002.43,153.3474,61.086472067662896,114.36488362358068,51.60693806544202,62.75794555813866,77628.6955,77668.39880000001,78189.98137299174,77628.6955,77067.40962700827,1
2026-04-26 11:00:00,78002.43,78149.99,78002.42,78101.44,133.58626,63.91566012700945,126.75680671284499,66.63691179492261,60.11989491792238,77667.2545,77679.8738,78246.89177297347,77667.2545,77087.61722702652,0
2026-04-26 12:00:00,78101.43,78101.5,77770.0,77833.08,296.93614,52.72615842525448,113.61342102254275,76.03221364044664,37.58120738209611,77689.045,77681.4882,78259.13390350642,77689.045,77118.95609649358,1
2026-04-26 13:00:00,77833.08,77996.69,77797.13,77977.79,254.46962,57.088709159785424,113.56497444442357,83.53876580124202,30.026208643181548,77725.646,77676.23879999999,78270.6405091257,77725.646,77180.65149087428,1
2026-04-26 14:00:00,77977.79,78173.15,77871.85,78095.66,401.66239,60.30218899052755,121.63556502344727,91.15812564568307,30.4774393777642,77764.779,77672.6388,78297.90204020479,77764.779,77231.6559597952,0
2026-04-26 15:00:00,78095.65,78121.92,77988.89,78049.0,177.4742,58.43660373351126,122.85035177312966,97.4965708711724,25.353780901957265,77800.7285,77671.743,78308.07671226868,77800.7285,77293.38028773131,0
2026-04-26 16:00:00,78049.0,78086.47,77919.42,77919.43,198.96678,53.487998831444415,112.06603538870695,100.41046377467931,11.655571614027636,77822.7435,77669.3788,78310.18217078048,77822.7435,77335.30482921952,1
2026-04-26 17:00:00,77919.43,78050.0,77850.0,78018.57,373.25532,56.52187440666382,110.24828283237002,102.37802758621746,7.870255246152567,77847.37999999999,77668.97780000001,78321.9407392118,77847.37999999999,77372.81926078818,1
2026-04-26 18:00:00,78018.57,78346.89,77988.11,78283.96,421.27794,63.403521015239384,128.7384392873064,107.65010992643525,21.088329360871143,77883.7275,77679.1114,78374.82912296237,77883.7275,77392.62587703762,0
2026-04-26 19:00:00,78283.97,78500.0,78013.76,78221.16,511.56,60.94529663416868,136.7482377715205,113.4697354954523,23.27850227606821,77913.5355,77689.9004,78410.53740259224,77913.5355,77416.53359740776,0
2026-04-26 20:00:00,78221.17,78377.77,78158.04,78194.22,172.13709,59.87288634671107,139.31627660934464,118.63904371823078,20.67723289111386,77948.1265,77701.42,78421.59774505331,77948.1265,77474.65525494669,1
2026-04-26 21:00:00,78194.21,78961.0,77843.75,78417.41,977.34524,65.31778094741475,157.54495345822943,126.42022566623052,31.124727791998907,77995.939,77717.1912,78455.99226378297,77995.939,77535.88573621702,0
2026-04-26 22:00:00,78417.41,78850.3,77953.26,78313.52,710.63176,61.15783797718735,161.7437748816301,133.48493550931045,28.258839372319642,78035.9815,77729.0954,78458.70735836732,78035.9815,77613.25564163267,1
2026-04-26 23:00:00,78313.52,78901.63,78041.05,78657.55,669.20184,68.34699748681135,190.63420448821853,144.91478930509209,45.71941518312644,78098.8485,77751.5168,78497.99322634928,78098.8485,77699.7037736507,1
2026-04-27 00:00:00,78657.55,79392.4,78400.03,79308.6,1271.22649,77.01649164518483,263.0322994279559,168.53829132966484,94.49400809829103,78175.564,77791.1106,78813.84883859285,78175.564,77537.27916140715,0
2026-04-27 01:00:00,79309.0,79485.66,78730.71,79283.66,993.09217,76.15599392137514,314.76741883173236,197.78411683007835,116.98330200165401,78240.5815,77828.0412,79033.47585796489,78240.5815,77447.68714203511,0
2026-04-27 02:00:00,79283.65,79304.0,79030.91,79130.01,381.22923,70.90024590625896,339.45655889072805,226.11860524220828,113.33795364851977,78297.13,77861.5038,79170.3073494323,78297.13,77423.9526505677,0
2026-04-27 03:00:00,79130.01,79316.5,79077.81,79105.49,397.44839,70.06919021598581,352.9754400321981,251.48997220020627,101.48546783199183,78347.278,77892.781,79282.95675997356,78347.278,77411.59924002645,0
2026-04-27 04:00:00,79105.5,79160.0,78872.42,78924.22,417.67922,64.08848315229231,345.0843589888391,270.20884955793287,74.87550943090622,78391.85949999999,77919.1094,79348.05582299056,78391.85949999999,77435.66317700942,0
2026-04-27 05:00:00,78924.21,78938.0,77562.63,77785.54,1805.78745,40.628877834592465,244.13443100343284,264.9939658470329,-20.859534843600045,78381.137,77921.23879999999,79359.22894163211,78381.137,77403.04505836789,0
2026-04-27 06:00:00,77785.55,77871.9,77465.05,77700.12,641.73182,39.46190352130326,155.44631727124215,243.08443613187475,-87.6381188606326,78366.0215,77922.8602,79375.88434485205,78366.0215,77356.15865514796,0
2026-04-27 07:00:00,77700.12,77734.79,77562.08,77606.6,743.19766,38.1692857655203,76.72957497654716,209.81346390080927,-133.0838889242621,78341.2795,77924.7866,79398.9740816542,78341.2795,77283.5849183458,1
2026-04-27 08:00:00,77606.59,77816.18,77553.23,77804.34,465.54163,42.460984504710254,29.956633577836328,173.8420978362147,-143.88546425837836,78339.8425,77930.8008,79400.36926871291,78339.8425,77279.31573128709,1
2026-04-27 09:00:00,77804.34,77980.0,77700.0,77900.01,578.50773,44.46926475121606,0.6015754041727632,139.1939933498063,-138.59241794563354,78335.9535,77938.7772,79402.3167837512,78335.9535,77269.5902162488,0
2026-04-27 10:00:00,77900.01,77935.66,77792.46,77850.01,311.10764,43.61251896932084,-26.39286134619033,106.07662241060699,-132.46948375679733,78323.671,77942.91,79406.35619779187,78323.671,77240.98580220813,0
2026-04-27 11:00:00,77850.01,77885.46,77740.39,77844.26,252.77882,43.5087062137711,-47.70026493869955,75.32124494074569,-123.02150987944523,78313.43400000001,77945.5042,79410.0953892071,78313.43400000001,77216.77261079292,0
2026-04-27 12:00:00,77844.25,77867.33,77620.0,77667.36,415.46743,40.32822166090796,-77.96218781101925,44.664558390392706,-122.62674620141195,78300.83050000001,77943.09599999999,79420.85965230838,78300.83050000001,77180.80134769164,1
2026-04-27 13:00:00,77667.36,77966.8,77571.79,77746.74,762.7167,42.36421919414384,-94.45090586980223,16.84146553835372,-111.29237140815594,78287.239,77944.3848,79427.06154978466,78287.239,77147.41645021534,1
2026-04-27 14:00:00,77746.74,78265.34,77680.0,77815.25,744.42829,44.13583337256801,-100.82786838460015,-6.692401246237056,-94.1354671383631,78263.80350000001,77949.547,79422.05698141613,78263.80350000001,77105.55001858389,0
2026-04-27 15:00:00,77815.26,77827.17,76564.33,76793.09,1882.17067,29.54431493865529,-186.21485760976793,-42.59689251894323,-143.6179650908247,78192.4,77931.575,79516.55755639632,78192.4,76868.24244360367,0
2026-04-27 16:00:00,76793.1,76868.01,76546.0,76618.59,809.46498,27.851465103818413,-264.91161717237264,-87.05983744962911,-177.85177972274352,78113.6185,77910.8118,79604.90722319628,78113.6185,76622.32977680372,1
2026-04-27 17:00:00,76618.59,76990.43,76618.59,76743.24,874.80558,30.897398776283865,-313.60609697586915,-132.36908935487713,-181.23700762099202,78029.91,77899.0714,79627.73451965206,78029.91,76432.08548034795,1
2026-04-27 18:00:00,76743.23,76890.99,76668.52,76834.06,361.97331,33.113083676008785,-340.93828375097655,-174.08292823409704,-166.8553555168795,77955.937,77887.80720000001,79629.5796424913,77955.937,76282.29435750871,1
2026-04-27 19:00:00,76834.05,76894.7,76459.64,76878.07,598.68003,34.21386867896206,-354.9562844009779,-210.25759946747323,-144.69868493350467,77866.963,77880.4532,79570.87658279848,77866.963,76163.04941720153,1
2026-04-27 20:00:00,76878.23,77067.8,76844.16,76960.43,310.80766,36.32577500158849,-355.3239340908476,-239.27086639214812,-116.0530676986995,77749.5545,77873.4018,79361.03811525024,77749.5545,76138.07088474976,0
2026-04-27 21:00:00,76960.43,76981.53,76786.8,76786.81,223.94467,33.85818991546236,-365.41273160751734,-264.49923943522197,-100.91349217229538,77624.712,77862.53779999999,79124.45074405672,77624.712,76124.97325594327,1
2026-04-27 22:00:00,76786.81,77082.78,76763.71,77066.42,364.86359,40.829294905365,-346.84774126749835,-280.96893980167727,-65.87880146582108,77521.5325,77854.28360000001,78869.04348000564,77521.5325,76174.02151999436,1
2026-04-27 23:00:00,77066.42,77450.0,77018.56,77371.32,438.27302,47.34624378342795,-304.027332980957,-285.58061843753325,-18.446714543423752,77434.824,77851.19320000001,78569.91909382107,77434.824,76299.72890617892,1
2026-04-28 00:00:00,77371.32,77478.0,77210.92,77379.62,327.26244,47.51570576585924,-266.35177283645316,-281.73484931731724,15.383076480864077,77357.594,77847.6454,78263.9782384864,77357.594,76451.2097615136,0
2026-04-28 01:00:00,77379.62,77394.1,77038.1,77084.68,404.77602,42.305231373696195,-257.32651320373407,-276.8531820946006,19.526668890866517,77322.551,77836.83899999999,78214.11658641332,77322.551,76430.98541358669,0
2026-04-28 02:00:00,77084.69,77227.03,76672.56,76890.93,437.7548,39.25959132526577,-262.7787854207854,-274.03830275983756,11.259517339052138,77282.09150000001,77824.6096,78174.88989711522,77282.09150000001,76389.2931028848,0
2026-04-28 03:00:00,76890.92,76890.92,76672.0,76815.18,278.47081,38.104577300665014,-270.09861367722624,-273.25036494331533,3.151751266089093,77242.5205,77811.69,78144.38836070878,77242.5205,76340.65263929122,1
2026-04-28 04:00:00,76815.18,76950.0,76701.35,76888.08,274.86374,39.93598656079632,-266.9400903604401,-271.9883100267403,5.048219666300213,77196.70749999999,77799.1982,78072.47441978822,77196.70749999999,76320.94058021175,0
2026-04-28 05:00:00,76888.08,77154.0,76811.01,76885.98,510.80129,39.89936226553885,-261.59093288592703,-269.90883459857764,8.31790171265061,77146.006,77788.9136,77968.84776117667,77146.006,76323.16423882332,0
2026-04-28 06:00:00,76885.97,77027.91,76588.0,76720.0,465.05641,37.01035114536114,-267.6594740909495,-269.458962497052,1.7994884061025118,77089.5055,77767.8278,77865.05126521265,77089.5055,76313.95973478735,1
2026-04-28 07:00:00,76720.01,76922.22,76424.9,76879.28,1631.99051,41.39568839892069,-256.6576818830363,-266.8987063742489,10.241024491212613,77041.2565,77745.7472,77739.15867871218,77041.2565,76343.35432128783,0
2026-04-28 08:00:00,76879.28,77013.63,76741.12,76858.59,1043.07562,40.996421153108464,-246.7636545761634,-262.87169601463177,16.108041438468376,77000.818,77722.93819999999,77640.19164148372,77000.818,76361.44435851628,0
2026-04-28 09:00:00,76858.59,76863.54,76495.91,76598.0,361.69239,36.25355264097499,-256.9876086283184,-261.6948785373691,4.707269909050694,76943.38100000001,77692.8476,77506.20882425542,76943.38100000001,76380.5531757446,1
2026-04-28 10:00:00,76597.99,76692.19,76484.7,76618.35,418.24563,36.86779175764474,-260.4458334996307,-261.4450695298214,0.9992360301907297,76883.536,77664.5628,77297.7187896183,76883.536,76469.35321038168,0
2026-04-28 11:00:00,76618.35,76649.86,76130.1,76229.0,1019.71842,30.760656567338927,-291.2464845127688,-267.40535252641087,-23.841131986357937,76855.3315,77629.143,77357.73849359281,76855.3315,76352.92450640719,1
2026-04-28 12:00:00,76228.99,76421.94,76168.84,76372.05,652.01316,35.01963021609278,-300.6476044289011,-274.0538029069089,-26.59380152199219,76843.00450000001,77596.5354,77379.01556479154,76843.00450000001,76306.99343520848,0
2026-04-28 13:00:00,76372.04,76411.72,75924.98,76189.84,1288.525,32.29471787234674,-319.12224134975986,-283.0674905954791,-36.05475075428075,76815.33450000001,77558.3034,77421.6178724414,76815.33450000001,76209.05112755862,0
2026-04-28 14:00:00,76189.85,76199.99,75666.6,75949.99,1264.2758,29.086361674848547,-349.093284619943,-296.2726494003719,-52.8206352195711,76771.13100000001,77520.64159999999,77484.89414132622,76771.13100000001,76057.3678586738,1
2026-04-28 15:00:00,75950.0,76085.42,75836.88,76066.38,571.95819,32.58629605409112,-359.31192781314894,-308.88050508292736,-50.431422730221584,76730.5465,77482.4134,77505.08960390759,76730.5465,75956.0033960924,1
2026-04-28 16:00:00,76066.37,76218.06,75881.28,76125.04,447.54534,34.34506418938099,-358.54383427150606,-318.8131709206431,-39.73066335086298,76688.777,77443.00099999999,77498.5279462074,76688.777,75879.02605379261,1
2026-04-28 17:00:00,76125.04,76262.63,75959.05,76187.3,337.12149,36.246221566210416,-348.88947227425524,-324.8284311913655,-24.061041082889744,76658.8015,77405.767,77495.7460710265,76658.8015,75821.8569289735,1
2026-04-28 18:00:00,76187.3,76280.91,76137.86,76242.18,337.48355,37.95179177854174,-332.9716733046225,-326.45707961401695,-6.5145936906055795,76617.5895,77372.222,77451.35602951451,76617.5895,75783.82297048549,1
2026-04-28 19:00:00,76242.17,76380.83,76066.35,76330.97,259.65416,40.71517947612927,-309.62295133918815,-323.0902539590512,13.467302619863062,76565.572,77338.47,77331.83015411231,76565.572,75799.3138458877,1
2026-04-28 20:00:00,76330.97,76480.0,76323.71,76463.95,259.71578,44.68834095429627,-277.1932352541189,-313.91085021806475,36.717614963945834,76519.7885,77302.0698,77189.33881190384,76519.7885,75850.23818809615,0
2026-04-28 21:00:00,76463.95,76481.3,76267.61,76357.15,281.17357,42.23992365846138,-257.14609888829,-302.5578999521098,45.41180106381978,76483.412,77264.7896,77103.47199398727,76483.412,75863.35200601272,0
2026-04-28 22:00:00,76357.15,76446.26,76218.0,76242.17,157.60986,39.71700399066871,-247.68140687645064,-291.582601336978,43.901194460527336,76450.974,77225.7486,77049.88205405793,76450.974,75852.06594594207,1
2026-04-28 23:00:00,76242.17,76370.0,76197.02,76342.77,179.93985,42.92886796813814,-229.4183985267009,-279.1497607749226,49.73136224822167,76427.3535,77184.2558,77003.78351671532,76427.3535,75850.92348328467,1
2026-04-29 00:00:00,76342.78,76557.97,76276.0,76512.0,636.88517,47.95258889211741,-198.99549000737898,-263.1189066214139,64.12341661403491,76408.5495,77148.2254,76946.91408551653,76408.5495,75870.18491448346,1
2026-04-29 01:00:00,76511.99,76668.02,76187.75,76571.0,371.48818,49.617711619384465,-168.185570341142,-244.13223936535954,75.94666902421753,76392.8005,77106.4944,76891.33270503632,76392.8005,75894.26829496368,0
2026-04-29 02:00:00,76571.0,76666.82,76402.72,76531.29,315.29662,48.49320867618048,-145.29784900331288,-224.36536129295024,79.06751228963736,76383.365,77050.9482,76863.57558982426,76383.365,75903.15441017575,1
2026-04-29 03:00:00,76531.29,77127.62,76519.94,76994.78,568.25927,59.912885778192184,-88.7364963995642,-197.23958831427305,108.50309191470885,76389.14,77005.1706,76895.1519870906,76389.14,75883.1280129094,1
2026-04-29 04:00:00,76994.77,77455.71,76880.0,77269.76,655.24397,64.88686891587068,-21.475077733950457,-162.08668619820855,140.6116084642581,76409.6985,76967.96560000001,77014.16452863222,76409.6985,75805.23247136778,1
2026-04-29 05:00:00,77269.76,77329.31,77198.07,77288.38,412.95649,65.20173103068073,32.95270130872086,-123.07880869682268,156.03151000554354,76444.2175,76931.6234,77156.9149666957,76444.2175,75731.5200333043,0
2026-04-29 06:00:00,77288.39,77337.57,76907.07,77031.06,974.38933,57.524848685329694,54.6930672104354,-87.52443351537107,142.21750072580647,76464.853,76893.76019999999,77219.2048953668,76464.853,75710.50110463321,1
2026-04-29 07:00:00,77031.07,77182.91,77031.06,77053.64,931.98531,57.992250349258754,72.90408816236595,-55.438729179823675,128.34281734218962,76506.08499999999,76879.12220000001,77293.77476729391,76506.08499999999,75718.39523270607,0
2026-04-29 08:00:00,77053.65,77148.79,76972.32,77046.32,539.09721,57.7703122505554,85.75723462713358,-27.199536418432224,112.9567710455658,76539.7985,76866.0462,77358.75299444435,76539.7985,75720.84400555566,1
2026-04-29 09:00:00,77046.31,77800.0,76972.32,77642.0,835.54071,68.37648436172583,142.36870567926962,6.714112001108148,135.65459367816146,76612.4065,76866.7542,77544.11150497245,76612.4065,75680.70149502755,0
2026-04-29 10:00:00,77642.0,77904.93,77559.19,77619.61,790.81622,67.68833864185663,183.31389005709207,42.03406761230494,141.27982244478713,76695.8875,76863.0596,77673.29762939033,76695.8875,75718.47737060966,0
2026-04-29 11:00:00,77619.62,77694.61,77485.81,77590.03,531.7514,66.73281410366161,210.9447451672895,75.81620312330185,135.12854204398766,76772.06999999999,76856.86,77778.42862959481,76772.06999999999,75765.71137040517,0
2026-04-29 12:00:00,77590.04,77596.39,76850.0,77143.68,1776.35149,54.28087746986807,194.58265449672763,99.569493397987,95.01316109874062,76823.00200000001,76842.7334,77795.76643762302,76823.00200000001,75850.23756237699,0
2026-04-29 13:00:00,77143.68,77240.0,76425.62,76783.43,1000.6949,46.70588505105941,150.80799480331189,109.81719367905198,40.9908011242599,76852.8085,76821.5168,77781.35937281801,76852.8085,75924.25762718199,0
2026-04-29 14:00:00,76783.42,76927.69,76489.99,76570.0,1353.72071,42.88731825510561,97.76724439047393,107.40720382133638,-9.639959430862447,76869.1995,76799.5696,77765.05370712251,76869.1995,75973.3452928775,0
2026-04-29 15:00:00,76570.0,76634.61,75705.32,75924.25,1132.75734,33.86573231118096,3.5841237605782226,86.64258780918475,-83.05846404860652,76848.8635,76763.1198,77808.83655244006,76848.8635,75888.89044755996,0
2026-04-29 16:00:00,75924.24,76125.47,75696.13,75803.54,1021.10079,32.48989881877239,-79.87620292961947,53.33882966142391,-133.21503259104338,76815.84300000001,76722.8856,77867.55370697414,76815.84300000001,75764.13229302588,1
2026-04-29 17:00:00,75803.55,76184.01,75803.55,76184.01,549.93434,40.67137286364408,-114.00419446262822,19.87022483661348,-133.8744192992417,76807.186,76710.704,77876.55888674063,76807.186,75737.81311325937,0
2026-04-29 18:00:00,76184.0,76274.8,74937.52,75513.91,1926.88309,33.06987419557008,-192.89872692339122,-22.683565515387464,-170.21516140800375,76770.773,76688.6104,77957.75180815284,76770.773,75583.79419184716,1
2026-04-29 19:00:00,75513.92,75591.83,75302.31,75563.86,464.5754,34.059213071859304,-248.52779108012328,-67.85241062833462,-180.67538045178867,76731.8275,76665.02279999999,78019.28319532891,76731.8275,75444.37180467109,1
2026-04-29 20:00:00,75563.87,75857.32,75497.43,75676.79,575.31173,36.349977925878505,-280.2709291963256,-110.33611434193283,-169.93481485439276,76690.067,76641.8774,78055.17593679727,76690.067,75324.95806320272,1
2026-04-29 21:00:00,75676.79,76088.9,75607.7,75933.93,363.06477,41.34647352456141,-281.43434590620745,-144.55576065478775,-136.8785852514197,76658.2135,76622.9946,78062.12840836545,76658.2135,75254.29859163455,0
2026-04-29 22:00:00,75933.94,76004.14,75818.14,75927.38,272.33397,41.25762963424035,-279.66113283381856,-171.57683509059393,-108.08429774322462,76628.018,76602.3336,78067.09117500663,76628.018,75188.94482499336,0
2026-04-29 23:00:00,75927.38,75990.06,75692.33,75780.0,279.49181,39.21574366958764,-286.84165099267557,-194.62979827101026,-92.21185272166531,76567.279,76582.1974,78041.42238898072,76567.279,75093.13561101927,1
2026-04-30 00:00:00,75780.0,76344.61,75656.03,76248.74,562.71461,48.02605127085566,-251.80619768700853,-206.0650781542099,-45.74111953279862,76516.22799999999,76565.8438,77959.92859939845,76516.22799999999,75072.52740060152,0
2026-04-30 01:00:00,76248.76,76473.26,76178.73,76232.8,331.53653,47.77246914564536,-222.75874911206483,-209.40381234578092,-13.354936766283913,76463.449,76543.0734,77866.99859775399,76463.449,75059.899402246,0
2026-04-30 02:00:00,76232.81,76351.04,75494.7,75704.74,537.06765,40.199854222800845,-239.58665978284262,-215.44038183319327,-24.146277949649345,76397.133,76509.5758,77812.42507084731,76397.133,74981.84092915269,1
2026-04-30 03:00:00,75704.74,75994.26,75659.85,75928.1,182.12647,44.22701428815407,-232.2226962367713,-218.7968447139089,-13.425851522862388,76340.856,76486.4442,77736.62866977655,76340.856,74945.08333022345,0
2026-04-30 04:00:00,75928.09,75963.92,75414.57,75497.0,426.96926,38.7964392180295,-258.19654022504983,-226.67678381613712,-31.519756408912713,76263.39,76458.5656,77665.90920477369,76263.39,74860.8707952263,1
2026-04-30 05:00:00,75497.01,75750.0,75323.65,75600.09,491.70915,40.67246040124728,-267.38030357513344,-234.81748776793637,-32.56281580719707,76161.29449999999,76434.2638,77439.27979993807,76161.29449999999,74883.3092000619,1
2026-04-30 06:00:00,75600.09,75867.9,75569.99,75753.53,372.15072,43.45085438165168,-259.2882628542575,-239.71164278520058,-19.5766200690569,76067.99049999999,76411.57280000001,77166.32625885411,76067.99049999999,74969.65474114586,1
2026-04-30 07:00:00,75753.54,76179.91,75718.5,76161.67,516.75183,50.13965192850536,-217.43531627404445,-235.25637748296938,17.82106120892493,75996.57250000001,76397.0866,76847.67392645488,75996.57250000001,75145.47107354514,0
2026-04-30 08:00:00,76161.67,76208.92,76019.57,76058.17,350.94571,48.570690895119256,-190.42306107559125,-226.28971420149378,35.86665312590253,75942.29699999999,76383.85,76613.2500874826,75942.29699999999,75271.34391251739,1
2026-04-30 09:00:00,76058.17,76339.38,76012.6,76097.19,445.01057,49.21588491115502,-163.97684334375663,-213.82714002994638,49.85029668618975,75907.985,76368.20820000001,76463.65236072795,75907.985,75352.31763927205,0
2026-04-30 10:00:00,76097.19,76163.52,75974.93,76028.66,365.18719,48.07516614916164,-146.85497083766677,-200.43270619149047,53.5777353538237,75880.91799999999,76351.6096,76351.125874139,75880.91799999999,75410.71012586098,1
2026-04-30 11:00:00,76028.66,76244.36,75876.29,76059.43,550.88667,48.650658575085046,-129.31225054556853,-186.20861506230608,56.89636451673755,75887.677,76340.8382,76364.02821807584,75887.677,75411.32578192416,1
2026-04-30 12:00:00,76059.42,76511.22,76042.75,76308.48,1520.57994,53.174341183884664,-94.22707367231487,-167.81230678430782,73.58523311199295,75912.924,76334.6408,76421.21531896421,75912.924,75404.63268103579,1
2026-04-30 13:00:00,76308.48,76669.14,76116.2,76420.44,927.16622,55.0897595852831,-56.73359237650584,-145.59656390274745,88.86297152624161,75924.74549999999,76338.4696,76467.5327950405,75924.74549999999,75381.95820495948,0
2026-04-30 14:00:00,76420.45,76597.51,76093.81,76301.24,683.75312,52.621770340396296,-36.22065298660891,-123.72138171951975,87.50072873291084,75964.112,76337.0534,76496.10036684881,75964.112,75432.12363315118,1
2026-04-30 15:00:00,76301.25,76653.6,76163.16,76473.6,374.70038,55.711418790822435,-5.9869750830112025,-100.17450039221805,94.18752530920685,76009.599,76342.72859999999,76552.37945793355,76009.599,75466.81854206645,0
2026-04-30 16:00:00,76473.6,76484.6,76228.27,76261.03,165.45041,51.27073403406201,0.8114560389949474,-79.97730910597546,80.78876514497041,76038.81100000002,76348.9494,76569.55425732375,76038.81100000002,75508.06774267628,0
2026-04-30 17:00:00,76261.04,76328.71,76111.0,76250.01,273.82279,51.0435848410882,5.2495265073666815,-62.931941983307034,68.18146849067372,76054.615,76352.62199999999,76590.72164817613,76054.615,75518.50835182388,1
2026-04-30 18:00:00,76250.0,76468.84,76204.4,76350.0,184.15567,53.07503099210819,16.64323383718147,-47.01690681920933,63.6601406563908,76075.74600000001,76357.1212,76623.31971391867,76075.74600000001,75528.17228608136,1
2026-04-30 19:00:00,76350.0,76514.8,76308.33,76412.8,307.53776,54.35608188053806,30.389947741336073,-31.53553590710025,61.92548364843633,76107.386,76361.6312,76656.07585251663,76107.386,75558.69614748337,1
2026-04-30 20:00:00,76412.8,76568.9,76318.31,76492.46,287.06721,55.99708416274422,47.1684848714649,-15.794731751387223,62.96321662285212,76119.57200000001,76366.6368,76690.64709690299,76119.57200000001,75548.49690309704,0
2026-04-30 21:00:00,76492.45,76535.42,76240.78,76241.78,183.08169,49.91538716679781,39.77926484668569,-4.67993243177264,44.45919727845833,76120.021,76364.853,76691.465488078,76120.021,75548.57651192199,0
2026-04-30 22:00:00,76241.77,76449.16,76206.02,76237.06,158.56535,49.80570262315978,33.16014072643884,2.8880821998696566,30.272058526569182,76146.637,76360.3152,76686.97311839557,76146.637,75606.30088160443,1
2026-04-30 23:00:00,76237.07,76380.2,76217.96,76346.57,182.87917,52.41815698377795,36.33216438462841,9.576898636821408,26.755265747807005,76167.56049999999,76360.10359999999,76704.82664099328,76167.56049999999,75630.2943590067,1
2026-05-01 00:00:00,76346.58,76591.0,76320.42,76458.05,502.88844,54.986566879578895,47.29631779906049,17.120782469269226,30.175535329791263,76215.613,76364.4212,76669.88746364825,76215.613,75761.33853635174,1
2026-05-01 01:00:00,76458.06,76776.21,76449.5,76686.13,486.84554,59.7710664717476,73.54189306337503,28.405004588090385,45.13688847528464,76269.91500000001,76371.2884,76673.73921455258,76269.91500000001,75866.09078544744,0
2026-05-01 02:00:00,76686.12,76744.6,76533.74,76592.54,204.45438,57.08956496975073,85.80071250905166,39.88414617228264,45.91656633676902,76311.8655,76372.8992,76663.32147581785,76311.8655,75960.40952418215,1
2026-05-01 03:00:00,76592.54,77453.74,76555.06,77131.08,1056.19913,66.4240195213744,137.38787062166375,59.384891062158864,78.0029795595049,76360.336,76384.1008,76854.13199756898,76360.336,75866.54000243101,0
2026-05-01 04:00:00,77131.08,77206.38,76653.6,77042.44,995.75921,63.95788596226707,169.1684888509626,81.3416106199196,87.826878231043,76409.5495,76394.3238,76965.37224866924,76409.5495,75853.72675133075,1
2026-05-01 05:00:00,77042.44,77184.96,77033.91,77165.98,283.75111,65.86033581714199,201.99503032573557,105.4722945610828,96.52273576465277,76462.989,76397.7478,77089.43894701518,76462.989,75836.53905298482,0
2026-05-01 06:00:00,77165.99,77179.53,76882.0,76993.48,439.15205,61.0172539927265,211.6512091982877,126.7080774885238,84.94313170976389,76511.23000000001,76392.2222,77145.01747538857,76511.23000000001,75877.44252461146,1
2026-05-01 07:00:00,76993.49,77140.36,76957.04,77130.54,633.7325,63.32493146905499,227.73817316738132,146.91409662429533,80.824076543086,76564.7855,76389.0654,77217.54742050279,76564.7855,75912.02357949721,1
2026-05-01 08:00:00,77130.54,77500.0,77048.0,77377.47,697.73561,67.10328840462579,257.44473270823073,169.0202238410824,88.42450886714832,76618.235,76395.9936,77348.73034296912,76618.235,75887.73965703088,0
2026-05-01 09:00:00,77377.48,77391.99,77200.15,77268.55,355.16559,63.972567937725444,269.09648468230444,189.03547600932683,80.06100867297761,76660.64050000001,76400.29179999999,77437.29221590531,76660.64050000001,75883.9887840947,1
2026-05-01 10:00:00,77268.56,77433.72,77146.48,77304.34,330.99244,64.55770959570054,278.0137663180358,206.83113407106862,71.18263224696716,76710.79550000001,76405.4522,77517.12164809316,76710.79550000001,75904.46935190685,1
2026-05-01 11:00:00,77303.8,77600.0,77263.66,77463.98,584.3796,67.12271541661232,294.5668072996632,224.37826871678755,70.18853858287565,76760.31450000001,76401.8918,77622.032765339,76760.31450000001,75898.59623466102,1
2026-05-01 12:00:00,77463.98,78170.2,77408.73,77896.01,1392.97654,72.84939578144734,338.64275898270716,247.23116676997148,91.41159221273568,76842.0635,76407.4198,77803.27660029096,76842.0635,75880.85039970904,1
2026-05-01 13:00:00,77896.01,78914.12,77896.0,78737.25,2354.33999,80.11318127661646,436.42348740693706,285.0696308973646,151.35385650957244,76966.42549999998,76430.3642,78195.37134932744,76966.42549999998,75737.47965067253,0
2026-05-01 14:00:00,78737.26,78871.8,78051.86,78358.75,1970.70152,70.91968017199612,477.8651009882451,323.6287249155407,154.2363760727044,77066.86299999998,76454.66560000001,78401.6568261036,77066.86299999998,75732.06917389637,1
2026-05-01 15:00:00,78358.74,78735.92,78176.06,78445.89,1013.17746,71.72418461583219,511.8391845520673,361.27081684284605,150.56836770922126,77168.5175,76487.9148,78595.0950199671,77168.5175,75741.9399800329,0
2026-05-01 16:00:00,78445.88,78683.23,78167.53,78214.36,704.68666,66.46299924490587,514.1545014803996,391.84755377035674,122.30694771004289,77254.6125,76520.802,78715.03044794356,77254.6125,75794.19455205645,1
2026-05-01 17:00:00,78214.36,78584.61,78131.02,78552.94,489.31938,69.9359898303869,537.118416435871,420.90172630345967,116.21669013241137,77370.17050000001,76573.3758,78857.2383875088,77370.17050000001,75883.10261249122,0
2026-05-01 18:00:00,78552.93,78623.37,78375.53,78423.9,487.76487,67.08464181303324,538.6952909287938,444.4604392285265,94.23485170026731,77479.5125,76625.783,78938.56339047504,77479.5125,76020.46160952495,0
2026-05-01 19:00:00,78423.91,78540.0,78313.16,78360.0,512.65483,65.65708858654797,528.6943203357223,461.30721544996567,67.38710488575663,77580.184,76669.3028,78989.66277004842,77580.184,76170.70522995156,0
2026-05-01 20:00:00,78360.01,78422.81,77752.0,77880.18,827.52759,56.01756438053506,476.5575562490121,464.357283609775,12.200272639237141,77651.29049999999,76716.6282,78967.56115722074,77651.29049999999,76335.01984277923,1
2026-05-01 21:00:00,77880.18,78200.0,77857.97,78199.99,485.72824,60.210697757650216,455.79071764834225,462.64397041748845,-6.853252769146195,77726.9835,76769.3508,78985.37850641592,77726.9835,76468.58849358409,0
2026-05-01 22:00:00,78200.0,78411.13,78144.7,78153.38,331.97786,59.32302188898024,430.60802965467155,456.2367822649251,-25.62875261025357,77805.0255,76818.8826,78961.81682138024,77805.0255,76648.23417861976,1
2026-05-01 23:00:00,78153.37,78249.6,78043.28,78231.13,173.55448,60.37252359269042,412.17306863790145,447.42403953952044,-35.250970901618984,77860.02799999999,76864.8266,78987.65274378036,77860.02799999999,76732.40325621962,1
2026-05-02 00:00:00,78231.13,78393.39,78166.48,78341.75,211.29374,61.8795151582613,401.8569815890078,438.31062794941795,-36.453646360410175,77924.9935,76913.114,79005.4455755373,77924.9935,76844.54142446269,1
2026-05-02 01:00:00,78341.75,78441.31,78294.19,78355.0,400.98852,62.065601507251955,390.25199052121025,428.69890046377645,-38.44690994256621,77984.4445,76964.614,79021.26648149006,77984.4445,76947.62251850993,0
2026-05-02 02:00:00,78355.0,78513.7,78260.95,78353.93,283.69022,62.03926396053715,376.62708879547426,418.28453813011606,-41.6574493346418,78052.467,77006.7178,78994.48258276185,78052.467,77110.45141723816,1
2026-05-02 03:00:00,78353.93,78514.82,78237.25,78400.0,300.16391,62.77177768628984,365.3353613602667,407.6947027761462,-42.3593414158795,78115.94,77050.0618,78967.67002166313,78115.94,77264.20997833688,0
2026-05-02 04:00:00,78399.99,78448.99,78123.53,78175.5,411.85061,56.999647368561526,334.41636851089424,393.03903592309587,-58.62266741220162,78155.84150000001,77099.477,78937.32560190698,78155.84150000001,77374.35739809304,0
2026-05-02 05:00:00,78175.5,78235.25,78040.0,78174.0,526.60294,56.961958230295814,306.26141549773456,375.6835118380236,-69.42209634028904,78201.114,77144.395,78868.29291868556,78201.114,77533.93508131444,1
2026-05-02 06:00:00,78174.0,78363.21,78148.24,78327.8,366.5645,59.890434794316356,292.9814789148222,359.14310525338334,-66.16162633856112,78252.28699999998,77201.011,78778.61593985277,78252.28699999998,77725.9580601472,0
2026-05-02 07:00:00,78327.8,78342.18,78207.2,78220.0,170.02066,56.964653756829094,270.63871972404013,341.4422281475147,-70.80350842347457,78290.08799999999,77253.4092,78673.79282841193,78290.08799999999,77906.38317158805,1
2026-05-02 08:00:00,78220.0,78356.51,78165.3,78315.37,204.83037,58.87860091127145,257.65737027571595,324.68525657315496,-67.02788629743901,78311.05600000001,77304.646,78649.49227042425,78311.05600000001,77972.61972957577,0
2026-05-02 09:00:00,78315.36,78394.0,78220.0,78293.57,257.64077,58.24097977093985,242.81149967917008,308.310505194358,-65.49900551518789,78288.872,77347.284,78565.1028393837,78288.872,78012.6411606163,0
2026-05-02 10:00:00,78293.57,78311.97,78225.22,78249.3,136.41815,56.89355050774753,224.88152699320926,291.62470955412823,-66.74318256091897,78283.3995,77391.1066,78558.20904361451,78283.3995,78008.58995638549,0
2026-05-02 11:00:00,78249.31,78249.31,78094.43,78143.08,269.24301,53.68428300610687,199.7976848376129,273.2593046108252,-73.4616197732123,78268.25899999999,77432.0244,78538.92600241918,78268.25899999999,77997.5919975808,1
2026-05-02 12:00:00,78143.09,78262.37,78108.41,78211.24,182.77682,55.42197065727792,183.30547021613165,255.2685377318865,-71.96306751575486,78268.10299999999,77475.676,78538.89764855603,78268.10299999999,77997.30835144395,1
2026-05-02 13:00:00,78211.24,78423.85,78211.24,78367.06,227.00487,59.19138183531768,180.72535368686658,240.35990092288253,-59.63454723601595,78258.809,77521.82860000001,78501.1234696434,78258.809,78016.49453035659,1
2026-05-02 14:00:00,78367.06,78484.42,78309.84,78423.98,190.15931,60.50515221933049,181.18497345810465,228.52491542992698,-47.33994197182233,78258.813,77564.1386,78501.13837284932,78258.813,78016.48762715067,1
2026-05-02 15:00:00,78423.98,78487.68,78365.96,78487.67,126.14054,61.98007693347435,184.56097215684713,219.73212677531103,-35.1711546184639,78265.19649999999,77605.4832,78524.01290893416,78265.19649999999,78006.38009106582,0
2026-05-02 16:00:00,78487.67,78596.61,78430.07,78455.02,194.42514,60.72804521755379,182.4981680358469,212.28533502741823,-29.787166991571326,78293.9385,77648.5588,78497.01625469913,78293.9385,78090.86074530087,0
2026-05-02 17:00:00,78455.02,78485.53,78368.24,78398.02,213.39843,58.506063649022565,174.2552512113034,204.67931826419527,-30.42406705289187,78303.84,77687.0472,78506.94032802204,78303.84,78100.73967197795,1
2026-05-02 18:00:00,78398.03,78493.31,78310.54,78466.62,118.15969,60.3847219764929,171.28367533780693,198.00018967891762,-26.716514341110695,78319.50200000001,77731.159,78522.08623834715,78319.50200000001,78116.91776165286,1
2026-05-02 19:00:00,78466.63,78521.68,78440.11,78486.0,182.05466,60.92299030702743,168.54954979203467,192.11006170154104,-23.560511909506374,78332.2455,77775.8788,78542.89492720483,78332.2455,78121.59607279518,0
2026-05-02 20:00:00,78486.23,78491.26,78418.32,78451.38,61.92886,59.37107155139967,161.72492664601305,186.03303469043547,-24.308108044422426,78337.727,77817.9064,78554.69135773357,78337.727,78120.76264226643,1
2026-05-02 21:00:00,78451.37,79199.48,78439.51,78719.78,734.53837,66.49659601430494,175.94580678350758,184.01558910904993,-8.069782325542349,78355.966,77864.046,78629.60100452021,78355.966,78082.33099547979,1
2026-05-02 22:00:00,78719.78,78872.39,78610.46,78832.98,266.49012,68.96850652139246,194.11264100194967,186.03499948762988,8.077641514319794,78379.9185,77910.85639999999,78723.55911001841,78379.9185,78036.27788998159,0
2026-05-02 23:00:00,78832.98,78832.98,78631.9,78686.85,114.49221,62.55248224494943,194.47671178846213,187.7233419477963,6.753369840665812,78394.261,77959.7578,78763.0790790564,78394.261,78025.44292094359,0
2026-05-03 00:00:00,78686.84,78754.55,78490.61,78542.32,233.96416,56.91310959554462,181.01623491990904,186.38192054221886,-5.365685622309826,78412.602,78005.863,78772.45505999381,78412.602,78052.74894000619,0
2026-05-03 01:00:00,78542.33,78542.33,78152.25,78240.83,391.01401,47.327873227504696,144.3569298528746,177.97692240435,-33.619992551475406,78415.9435,78043.7482,78768.02943186025,78415.9435,78063.85756813973,0
2026-05-03 02:00:00,78240.84,78309.09,78108.75,78171.85,222.42918,45.44212334381971,108.48748081343365,164.07903408616676,-55.59155327273311,78408.146,78078.0242,78774.32050951546,78408.146,78041.97149048453,1
2026-05-03 03:00:00,78171.86,78217.59,78109.94,78203.08,200.3559,46.481808884843446,81.639593608008,147.591145990535,-65.95155238252701,78407.3,78108.3632,78775.28306749482,78407.3,78039.31693250519,0
2026-05-03 04:00:00,78203.07,78236.45,78120.0,78163.19,89.71363,45.29449192188567,56.49245014383632,129.37140682119528,-72.87895667735896,78399.691,78139.77620000001,78781.01456848074,78399.691,78018.36743151928,1
2026-05-03 05:00:00,78163.19,78260.75,78163.17,78249.42,98.09285,48.36497745806841,43.02523004919931,112.1021714667961,-69.07694141759679,78397.4835,78162.143,78781.73877063903,78397.4835,78013.22822936098,1
2026-05-03 06:00:00,78249.41,78337.26,78084.08,78288.3,306.94233,49.734897213233026,35.085211683879606,96.6987795102128,-61.613567826333195,78399.4335,78187.06019999999,78781.0477560412,78399.4335,78017.8192439588,1
2026-05-03 07:00:00,78288.3,78483.67,78288.29,78363.25,299.42086,52.35889032457228,34.443485481038806,84.24772070437801,-49.804235223339205,78410.44200000001,78211.0056,78774.12196627104,78410.44200000001,78046.76203372898,1
2026-05-03 08:00:00,78363.24,78505.92,78363.24,78387.86,102.01693,53.22238341223956,35.51138107162842,74.5004527778281,-38.98907170619968,78419.27300000002,78238.8932,78771.57524751898,78419.27300000002,78066.97075248105,1
2026-05-03 09:00:00,78387.87,78604.67,78354.53,78529.57,293.1321,57.94877026024979,47.247864727251,69.04993516771268,-21.802070440461677,78427.3985,78266.8738,78781.99774530932,78427.3985,78072.79925469068,0
2026-05-03 10:00:00,78529.57,78534.4,78406.97,78408.01,140.79481,53.0016190140342,46.207584232630325,64.4814649806962,-18.273880748065878,78426.6,78287.4846,78781.29835060645,78426.6,78071.90164939356,1
2026-05-03 11:00:00,78408.01,78849.22,78380.0,78656.01,412.8313,60.42465183618949,64.64944328405545,64.51506064136805,0.13438264268739886,78435.017,78315.2338,78802.85856508877,78435.017,78067.17543491125,1
2026-05-03 12:00:00,78656.01,78878.77,78656.0,78747.09,294.28187,62.751476054456425,85.62708848634793,68.73746621036403,16.889622275983896,78449.6205,78344.0888,78841.86054846775,78449.6205,78057.38045153226,0
2026-05-03 13:00:00,78747.09,78769.63,78586.99,78670.01,196.40341,59.559963051155165,94.93792631165707,73.97755823062263,20.96036808103443,78463.22,78368.2094,78866.07761013418,78463.22,78060.36238986583,1
2026-05-03 14:00:00,78670.01,78786.57,78608.7,78741.0,409.96615,61.50197235401981,106.81384852449992,80.5448162893981,26.269032235101818,78476.939,78385.1092,78897.61874027643,78476.939,78056.25925972356,0
2026-05-03 15:00:00,78741.0,78815.19,78633.4,78668.36,237.20487,58.41098225127633,109.10645027503779,86.25714308652604,22.849307188511744,78486.057,78383.73139999999,78914.9519424825,78486.057,78057.1620575175,0
2026-05-03 16:00:00,78668.36,78784.56,78600.0,78654.0,167.53902,57.792618207635975,108.5137428115122,90.70846303152328,17.805279779988922,78496.188,78389.6364,78930.86120417422,78496.188,78061.51479582577,1
2026-05-03 17:00:00,78654.01,78822.83,78558.65,78725.76,357.9255,60.06764896613488,112.53719146188814,95.07420871759625,17.462982744291892,78496.487,78395.2338,78931.78278560685,78496.487,78061.19121439314,1
2026-05-03 18:00:00,78725.76,78763.57,78631.61,78739.67,138.18974,60.511966801223146,115.51662055877387,99.16269108583178,16.353929472942085,78491.8215,78405.74,78914.40573999728,78491.8215,78069.23726000273,1
2026-05-03 19:00:00,78739.68,78853.32,78676.67,78760.32,252.60944,61.202133998875375,118.18179582775338,102.96651203421611,15.215283793537267,78495.495,78409.8876,78925.99996771012,78495.495,78064.99003228988,1
2026-05-03 20:00:00,78760.32,79268.0,78732.04,78915.99,645.7979,66.02317822962743,131.34121467576188,108.64145256252526,22.699762113236616,78514.1785,78419.72940000001,78982.00638225385,78514.1785,78046.35061774614,0
2026-05-03 21:00:00,78915.99,79056.59,78650.0,78831.59,357.48617,61.55702993679345,133.4217711558158,113.59751628118337,19.82425487463243,78543.71650000001,78429.1612,79013.37497720892,78543.71650000001,78074.0580227911,1
2026-05-03 22:00:00,78831.6,79447.0,78831.6,79177.29,934.95879,70.39172297261614,161.1085687267332,123.09972677029336,38.00884195643985,78593.9885,78455.10339999999,79106.91746827369,78593.9885,78081.05953172632,0
2026-05-03 23:00:00,79177.29,79287.82,78484.42,78568.57,642.72198,49.02647031367471,132.40564866148634,124.96091114853195,7.44473751295439,78612.263,78462.475,79093.22830649035,78612.263,78131.29769350967,0
2026-05-04 00:00:00,78568.58,78572.57,78288.88,78547.14,434.86007,48.468723239777304,106.69919392475276,121.30856770377612,-14.609373779023358,78631.4605,78470.3502,79067.77270379724,78631.4605,78195.14829620277,1
2026-05-04 01:00:00,78547.15,79848.84,78412.49,79769.43,1366.42153,69.6658005092147,182.8474793142086,133.61635002586263,49.23112928834598,78707.461,78501.1162,79337.59428989948,78707.461,78077.32771010051,1
2026-05-04 02:00:00,79769.43,80420.9,79540.05,80173.3,2278.14954,73.53894932302039,272.64163476960675,161.42140697461144,111.22022779499531,78801.711,78537.7472,79671.27026712315,78801.711,77932.15173287684,1
2026-05-04 03:00:00,80173.3,80458.0,79926.9,80316.31,1012.18218,74.76752251668512,351.2943590179202,199.3959973832732,151.89836163464702,78899.364,78576.9734,79966.29478588069,78899.364,77832.43321411932,1
2026-05-04 04:00:00,80316.3,80635.51,80233.04,80332.06,1362.02834,74.90570968057702,410.169919508553,241.55078180832916,168.61913770022383,78996.574,78616.53600000001,80204.35645671155,78996.574,77788.79154328843,0
2026-05-04 05:00:00,80332.06,80395.96,79956.25,80027.26,746.81318,67.23203864320615,427.308664399985,278.7023583266603,148.60630607332467,79071.4585,78649.0812,80338.4043900424,79071.4585,77804.51260995759,0
2026-05-04 06:00:00,80027.26,80048.64,79500.0,79877.9,1103.73906,63.783759663224245,423.9520837377204,307.75230340887236,116.19978032884802,79144.95300000001,78683.1292,80419.93649727694,79144.95300000001,77869.96950272308,0
2026-05-04 07:00:00,79877.91,79946.33,79672.0,79696.75,419.83178,59.77911218437411,402.04020904521167,326.60988453614027,75.4303245090714,79196.99,78713.5842,80472.85615882883,79196.99,77921.12384117118,1
2026-05-04 08:00:00,79696.75,79800.0,79602.32,79708.3,435.36516,59.95176192118755,381.21249857050134,337.53040734301254,43.6820912274888,79245.0505,78741.1942,80521.92198524185,79245.0505,77968.17901475815,1
2026-05-04 09:00:00,79708.3,79930.0,79647.87,79838.48,473.40316,61.93505302308147,370.9349191550282,344.2113097054157,26.723609449612468,79303.474,78773.5638,80576.67664191559,79303.474,78030.27135808441,0
2026-05-04 10:00:00,79838.49,79880.0,78202.0,78940.26,4380.72428,45.27476819659137,287.0026285115164,332.7695734666359,-45.76694495511953,79313.437,78786.0616,80571.9112364184,79313.437,78054.96276358161,0
2026-05-04 11:00:00,78940.27,79124.83,78708.87,78793.67,699.54546,43.230928730581155,206.27923694167112,307.471506161643,-101.19226921997188,79319.7025,78796.0636,80566.46112035916,79319.7025,78072.94387964084,1
2026-05-04 12:00:00,78793.67,79020.0,78718.55,78857.18,426.01688,44.4019705275971,145.7499787380366,275.12720067692175,-129.37722193888516,79329.8615,78808.2212,80557.92814526641,79329.8615,78101.79485473358,0
2026-05-04 13:00:00,78857.18,79124.83,78581.74,78790.0,725.07004,43.382538811415536,91.30671400600113,238.36310334273762,-147.0563893367365,79333.0735,78821.1596,80555.1245549138,79333.0735,78111.0224450862,1
2026-05-04 14:00:00,78790.01,80545.17,78500.0,80216.16,2308.42012,62.87113348851661,161.37895144947106,222.9662729640843,-61.58732151461325,79406.898,78861.258,80654.75671161326,79406.898,78159.03928838675,0
2026-05-04 15:00:00,80216.15,80367.93,79320.28,80028.85,2458.63305,59.95227400214545,199.49766794851166,218.2725519609698,-18.77488401245813,79470.3245,78894.4938,80709.1997627219,79470.3245,78231.44923727811,0
2026-05-04 16:00:00,80028.85,80395.68,79619.33,80025.03,1492.78417,59.89120623501106,226.7845521805284,219.97495200488154,6.809600175646864,79525.7765,78926.51479999999,80759.7110647709,79525.7765,78291.84193522911,1
2026-05-04 17:00:00,80025.03,80776.99,80021.5,80390.81,1080.11249,63.70370691152171,274.75775718077784,230.93151304006082,43.82624414071702,79603.7375,78964.5776,80849.3539947208,79603.7375,78358.1210052792,0
2026-05-04 18:00:00,80390.8,80439.18,80035.32,80114.91,663.99913,59.13755728852298,287.2033422130917,242.18587887466703,45.01746333842465,79650.6185,78997.7754,80899.08039776726,79650.6185,78402.15660223273,0
2026-05-04 19:00:00,80114.91,80138.0,79900.0,80053.31,505.59924,58.13561796474904,288.7672240223037,251.50214790419437,37.265076118109334,79724.85549999999,79030.88119999999,80880.22508548545,79724.85549999999,78569.48591451453,0
2026-05-04 20:00:00,80053.31,80154.12,79901.0,79936.7,459.51864,56.19467414935419,277.39947075006785,256.6816124733691,20.717858276698735,79794.3335,79060.2828,80817.63353800302,79794.3335,78771.03346199697,1
2026-05-04 21:00:00,79936.7,80383.15,79936.7,80259.17,343.30642,60.15625918679122,291.05596638293355,263.556483255282,27.49948312765156,79818.8205,79095.7462,80861.81382336552,79818.8205,78775.82717663448,0
2026-05-04 22:00:00,80259.18,80397.19,80042.84,80067.23,272.35375,56.86008303210074,283.12716989719775,267.47062058366515,15.656549313532594,79813.517,79128.06319999999,80850.3066975231,79813.517,78776.72730247691,0
2026-05-04 23:00:00,80067.22,80067.22,79744.91,79861.01,594.08368,53.470151097760834,257.2380311132438,265.4241026895809,-8.186071576337099,79790.75200000001,79150.8878,80802.06345194248,79790.75200000001,78779.44054805754,1
2026-05-05 00:00:00,79861.01,80183.33,79808.72,80170.66,425.73287,57.56151703193393,258.72445478833106,264.08417310933095,-5.359718320999889,79782.682,79177.6414,80779.0521625149,79782.682,78786.3118374851,1
2026-05-05 01:00:00,80170.66,80385.06,80080.76,80352.0,530.02962,59.79130647544679,271.4064738524321,265.5486332579512,5.8578405944808765,79798.919,79210.9444,80820.95611159722,79798.919,78776.88188840277,1
2026-05-05 02:00:00,80351.99,80900.0,80300.0,80554.68,768.44478,62.182935347939555,294.4177825339575,271.3224631131525,23.095319420805026,79832.758,79251.1916,80906.52095519546,79832.758,78758.99504480454,1
2026-05-05 03:00:00,80554.69,81083.98,80457.93,80893.08,677.93372,65.83667881421331,336.08626902193646,284.2752242949093,51.81104472702714,79892.5745,79304.2366,81058.68416156071,79892.5745,78726.4648384393,1
2026-05-05 04:00:00,80893.08,80982.59,80725.0,80902.44,528.94138,65.93471635820018,365.6491428342124,300.55000800276997,65.09913483144243,79952.2815,79358.8484,81194.34683110677,79952.2815,78710.21616889322,1
2026-05-05 05:00:00,80902.44,81323.52,80830.06,80970.0,1011.38606,66.67801222044724,390.0333984667959,318.44668609557516,71.58671237122076,80008.8575,79414.1868,81325.85520098566,80008.8575,78691.85979901433,1
2026-05-05 06:00:00,80969.99,81016.42,80800.0,80976.0,389.83367,66.74740615727575,405.1716796779074,335.7916848120416,69.3799948658658,80110.6445,79470.443,81395.84229434365,80110.6445,78825.44670565634,0
2026-05-05 07:00:00,80976.0,81136.59,80826.0,80855.59,1044.4323,63.87264659807108,402.8094592059351,349.1952396908203,53.614219515114826,80213.7405,79522.5664,81385.6289855591,80213.7405,79041.8520144409,0
2026-05-05 08:00:00,80855.59,80895.5,80723.2,80815.24,474.4579,62.89507308620633,393.1494920645782,357.9860901655719,35.16340189900632,80311.6435,79573.10519999999,81331.10006337985,80311.6435,79292.18693662016,0
2026-05-05 09:00:00,80815.24,80815.24,80527.76,80586.02,865.34761,57.51022752617381,362.8154495228955,358.95196203703665,3.8634874858588546,80401.44450000001,79617.5606,81149.11522347823,80401.44450000001,79653.77377652179,1
2026-05-05 10:00:00,80586.02,80831.87,80530.82,80823.61,521.10422,61.21670731550755,353.8678612122021,357.9351418720698,-4.067280659867663,80431.817,79666.2756,81196.08150160366,80431.817,79667.55249839633,1
2026-05-05 11:00:00,80823.61,81095.48,80780.0,81014.05,623.66253,63.932566039901296,358.0167551429913,357.9514645262541,0.06529061673722936,80481.077,79715.9652,81261.92052507505,80481.077,79700.23347492496,1
2026-05-05 12:00:00,81014.05,81329.61,80932.54,81279.41,607.82057,67.36218264932356,378.35566913272487,362.03230544754825,16.323363685176616,80543.796,79773.39319999999,81368.32814694381,80543.796,79719.2638530562,1
2026-05-05 13:00:00,81279.4,81712.32,81196.0,81330.0,1771.4169,67.98716586921739,394.0146397043718,368.428772298913,25.585867405458828,80590.7555,79826.87299999999,81479.56081359058,80590.7555,79701.95018640942,1
2026-05-05 14:00:00,81330.0,81500.0,80939.87,81336.59,1282.91373,68.07293118999998,402.31856662283826,375.20673116369807,27.111835459140195,80651.8395,79878.663,81568.9097795026,80651.8395,79734.7692204974,1
2026-05-05 15:00:00,81336.59,81689.2,81235.0,81525.19,899.04049,70.50811154575595,419.2846795461519,384.02232084018885,35.26235870596304,80725.4335,79935.7666,81674.25081481837,80725.4335,79776.61618518163,0
2026-05-05 16:00:00,81525.19,81615.33,81050.04,81285.75,707.45267,63.84969988034454,408.69841839438595,388.95754035102834,19.74087804335761,80792.886,79986.6616,81698.65956282035,80792.886,79887.11243717965,0
2026-05-05 17:00:00,81285.75,81458.26,81185.02,81270.6,280.80669,63.44146942118072,394.5382603023172,390.07368434128614,4.464575961031073,80843.45749999999,80038.7064,81737.25133533528,80843.45749999999,79949.6636646647,1
2026-05-05 18:00:00,81270.61,81599.0,81270.61,81515.0,427.56223,67.09627943063258,398.4442531327368,391.7477980995763,6.6964550331604755,80915.84599999999,80095.9264,81780.4818076465,80915.84599999999,80051.21019235348,1
2026-05-05 19:00:00,81515.0,81680.0,81407.58,81606.35,364.63717,68.36913513821881,404.2510081635992,394.24844011238093,10.002568051218248,81003.11300000001,80153.5382,81771.19914108883,81003.11300000001,80235.0268589112,1
2026-05-05 20:00:00,81606.35,81770.0,81510.13,81646.38,724.67261,68.93622273850127,407.3868873682368,396.8761295635521,10.510757804684658,81076.899,80211.6724,81792.6794916068,81076.899,80361.1185083932,0
2026-05-05 21:00:00,81646.39,81791.48,81305.27,81407.11,618.58873,61.80373330084752,386.1141216468968,394.7237279802211,-8.60960633332428,81129.6545,80264.6082,81776.1228208851,81129.6545,80483.18617911491,0
2026-05-05 22:00:00,81407.11,81600.0,80817.72,81111.27,921.88572,54.32017506613865,341.44749184644024,384.068480753465,-42.62098890702475,81157.48400000001,80308.5138,81748.05307171393,81157.48400000001,80566.91492828609,0
2026-05-05 23:00:00,81111.27,81222.03,80790.0,80905.52,479.07578,49.803480142860444,286.14802414699807,364.4843894321716,-78.33636528517354,81158.106,80349.9924,81747.58505590024,81158.106,80568.62694409976,1
2026-05-06 00:00:00,80905.53,81262.28,80731.14,81030.01,876.19915,52.383349676693456,249.49211043208197,341.4859336321537,-91.99382320007174,81164.48449999999,80387.0468,81745.45912304996,81164.48449999999,80583.50987695002,1
2026-05-06 01:00:00,81030.0,81534.23,80996.0,81439.34,803.82574,59.71485077679969,250.58298019466747,323.3053429446565,-72.72236274998903,81187.9515,80444.46220000001,81773.50506484279,81187.9515,80602.3979351572,0
2026-05-06 02:00:00,81439.34,81449.04,81047.01,81363.54,621.19491,57.93590714106942,242.53528009190632,307.15133037410646,-64.61605028220015,81207.3285,80500.79019999999,81789.18130044024,81207.3285,80625.47569955977,1
2026-05-06 03:00:00,81363.54,81760.84,81358.17,81581.69,710.52364,61.49146333893882,250.8684463351383,295.89475356631283,-45.02630723117454,81243.6335,80537.0354,81823.7763973453,81243.6335,80663.4906026547,0
2026-05-06 04:00:00,81581.7,81649.99,81270.0,81331.1,575.6413,55.670263617888196,234.54829514297307,283.62546188164487,-49.07716673867179,81269.4265,80560.1914,81815.98898087502,81269.4265,80722.86401912499,1
2026-05-06 05:00:00,81331.1,81360.3,81060.0,81333.0,592.1865,55.70450346321359,219.24050380843983,270.7484702670039,-51.507966458564056,81306.7755,80580.52519999999,81754.6037968151,81306.7755,80858.9472031849,1
2026-05-06 06:00:00,81333.0,81516.9,81211.34,81476.71,524.1354,58.326401057832825,216.21279830351705,259.84133587430654,-43.62853757078949,81339.4305,80603.4182,81733.6012169595,81339.4305,80945.2597830405,0
2026-05-06 07:00:00,81476.71,81611.0,81307.81,81359.82,608.74333,55.451364063223906,202.05214244293165,248.28349718803156,-46.23135474509991,81356.71900000001,80630.06940000001,81721.52530143326,81356.71900000001,80991.91269856677,1
2026-05-06 08:00:00,81359.82,81986.0,81328.68,81945.66,1353.41416,64.81291651354846,235.38869819381216,245.7045373891877,-10.315839195375531,81390.03150000001,80671.42460000001,81833.67517564575,81390.03150000001,80946.38782435427,1
2026-05-06 09:00:00,81945.66,82060.0,81682.7,81997.0,1096.7335,65.4971896055971,262.920088617524,249.147647634855,13.772440982669025,81423.3815,80717.4296,81938.48558340502,81423.3815,80908.27741659498,1
2026-05-06 10:00:00,81997.0,82390.0,81953.25,82290.04,1302.85091,69.18117570239946,304.8704362302087,260.29220535392574,44.57823087628299,81471.054,80769.06439999999,82107.41426427301,81471.054,80834.69373572699,1
2026-05-06 11:00:00,82290.03,82850.0,82261.6,82522.89,1435.93329,71.76130872021483,352.8381395024626,278.80139218363314,74.03674731882944,81520.939,80822.75259999999,82305.5956038247,81520.939,80736.2823961753,0
2026-05-06 12:00:00,82522.88,82539.33,82164.61,82220.47,820.9281,64.23911476382264,362.2740535818448,295.49592446327546,66.77812911856932,81567.675,80888.35680000001,82400.59451711422,81567.675,80734.75548288578,0
2026-05-06 13:00:00,82220.47,82220.47,81600.0,81670.89,1247.90169,53.30408929750205,321.6972449137538,300.73618855337116,20.961056360382656,81587.68950000001,80945.9012,82410.26627895066,81587.68950000001,80765.11272104936,0
2026-05-06 14:00:00,81670.9,81980.72,81136.0,81526.73,1615.07708,50.85850639125614,274.74028946252656,295.5370087352022,-20.79671927267566,81588.276,80999.2922,82410.66133595015,81588.276,80765.89066404985,1
2026-05-06 15:00:00,81526.74,81823.0,81316.28,81704.25,824.75333,53.67693077806687,248.98084813221067,286.22577661460394,-37.24492848239328,81593.171,81057.5772,82417.09238977323,81593.171,80769.24961022678,0
2026-05-06 16:00:00,81704.25,81907.51,81431.16,81630.94,983.55485,52.34184947632941,220.11346990325546,273.00331527233425,-52.889845369078785,81592.399,81085.8728,82416.14843552384,81592.399,80768.64956447617,0
2026-05-06 17:00:00,81630.94,81709.32,81394.0,81452.63,417.39237,49.140336071518895,180.76400297285,254.5554528124374,-73.79144983958741,81594.675,81114.3484,82416.61361315177,81594.675,80772.73638684824,0
2026-05-06 18:00:00,81452.63,81559.17,81271.06,81353.14,451.84587,47.39829885264452,139.93813568579208,231.63198938710838,-91.6938537013163,81606.76849999999,81140.9106,82406.7246395857,81606.76849999999,80806.81236041429,1
2026-05-06 19:00:00,81353.15,81522.41,81200.0,81464.87,517.12437,49.56082961104331,115.27025521091127,208.35964255186897,-93.0893873409577,81634.736,81162.3918,82371.26722550638,81634.736,80898.20477449363,0
2026-05-06 20:00:00,81464.86,81700.0,81302.35,81427.52,436.46876,48.838016516090164,91.65045990768704,185.0178060230326,-93.36734611534555,81654.61150000001,81188.644,82344.79052841291,81654.61150000001,80964.43247158712,1
2026-05-06 21:00:00,81427.52,81618.77,81294.64,81539.16,310.38464,51.13217975840783,81.00622757713427,164.21549033385293,-83.20926275671866,81659.60250000001,81218.36099999999,82344.90892559732,81659.60250000001,80974.2960744027,0
2026-05-06 22:00:00,81539.16,81540.91,81240.0,81342.39,229.58883,47.12148463268832,56.04682928309194,142.58175812370072,-86.53492884060879,81658.545,81246.47480000001,82345.73826029143,81658.545,80971.35173970857,1
2026-05-06 23:00:00,81342.39,81447.3,81000.0,81447.01,442.37224,49.394305689781014,44.19878983011586,122.90516446498376,-78.7063746348679,81651.811,81270.2316,82344.50231870261,81651.811,80959.1196812974,0
2026-05-07 00:00:00,81447.01,81490.03,80980.0,81016.96,407.52958,41.498334152453154,0.10646501847077161,98.34542457568116,-98.23895955721039,81636.104,81289.2262,82370.18197470428,81636.104,80902.02602529574,1
2026-05-07 01:00:00,81016.96,81284.67,80830.23,81167.8,565.39571,44.82965631088928,-22.40719647234073,74.1949003660768,-96.60209683841752,81627.844,81315.36200000001,82378.89984537098,81627.844,80876.78815462902,0
2026-05-07 02:00:00,81167.79,81180.74,80883.54,81113.34,749.95215,43.8585900538368,-44.135139845791855,50.52889232370307,-94.66403216949493,81609.6755,81334.21560000001,82391.42934956448,81609.6755,80827.92165043551,0
2026-05-07 03:00:00,81113.35,81113.35,80834.61,80834.91,345.29566,39.18523301912871,-82.86643291793007,23.849827275376445,-106.71626019330651,81583.43,81343.8738,82429.56860451454,81583.43,80737.29139548544,1
2026-05-07 04:00:00,80834.92,80989.59,80725.09,80979.19,387.82747,42.5985153331564,-100.75760061923938,-1.0716583035467195,-99.68594231569267,81535.10650000001,81352.364,82403.08632486966,81535.10650000001,80667.12667513036,1
2026-05-07 05:00:00,80979.19,81172.27,80974.06,81088.0,355.34634,45.10101946489134,-104.94666248644353,-21.846659140126082,-83.10000334631745,81489.65650000001,81356.2624,82351.30485622236,81489.65650000001,80628.00814377767,1
2026-05-07 06:00:00,81088.0,81443.21,80874.41,81438.61,613.68575,52.314980816881075,-79.06382876432326,-33.29009306496552,-45.773735699357744,81447.08499999999,81366.9858,82226.56364560203,81447.08499999999,80667.60635439795,1
2026-05-07 07:00:00,81438.62,81708.32,81390.3,81518.58,681.98013,53.80599784209522,-51.504869822310866,-36.93304841643459,-14.571821405876278,81396.8695,81377.9574,82002.71733616722,81396.8695,80791.02166383278,0
2026-05-07 08:00:00,81518.57,81590.0,81194.74,81231.24,647.38206,47.99858440930408,-52.24785219170735,-39.99600917148914,-12.25184302021821,81347.40800000001,81383.0622,81823.94646664611,81347.40800000001,80870.8695333539,0
2026-05-07 09:00:00,81231.25,81231.25,80852.33,80929.0,659.04219,42.76948806775229,-76.3448571570043,-47.26577876859217,-29.079078388412128,81310.3135,81384.5304,81795.77187360206,81310.3135,80824.85512639795,0
2026-05-07 10:00:00,80929.0,80997.0,80572.4,80850.75,690.56353,41.50866521674376,-100.59641538158758,-57.93190609119125,-42.664509290396325,81276.5145,81385.24059999999,81790.29737700964,81276.5145,80762.73162299037,1
2026-05-07 11:00:00,80850.76,81041.15,80786.5,80866.65,367.10915,41.883566078370855,-117.18214999765041,-69.78195487248308,-47.40019512516733,81234.6345,81390.8532,81738.58227228225,81234.6345,80730.68672771775,1
2026-05-07 12:00:00,80866.65,81180.0,80846.87,81162.01,429.19223,48.488498170332,-105.27978082222398,-76.88152006243126,-28.39826075979272,81211.188,81397.6212,81681.7277512147,81211.188,80740.64824878529,0
2026-05-07 13:00:00,81162.0,81162.01,80260.98,80503.68,1211.56578,38.09589714557664,-147.2711465016182,-90.95944535026865,-56.31170115134955,81163.74049999999,81387.4138,81712.24506934114,81163.74049999999,80615.23593065883,0
2026-05-07 14:00:00,80503.69,80685.7,80046.0,80171.38,1538.09475,34.120567510424365,-205.00032307092624,-113.76762089440017,-91.23270217652608,81104.6525,81365.2532,81795.067689494,81104.6525,80414.237310506,0
2026-05-07 15:00:00,80171.37,80271.42,79699.52,79890.63,1647.8103,31.161919818696944,-270.2895602910721,-145.07200877373458,-125.21755151733754,81025.9405,81336.4658,81874.88667894654,81025.9405,80176.99432105345,0
2026-05-07 16:00:00,79890.0,80020.0,79646.79,79801.08,1424.92395,30.260587645071894,-325.50546340897563,-181.1586997007828,-144.34676370819284,80944.6185,81305.75559999999,81925.46505983482,80944.6185,79963.77194016517,1
2026-05-07 17:00:00,79801.08,80135.17,79500.0,80094.52,919.74045,36.719629359768284,-341.64800330578873,-213.256560421784,-128.39144288400473,80872.3865,81277.1422,81879.87233093743,80872.3865,79864.90066906255,1
2026-05-07 18:00:00,80094.52,80269.06,80004.4,80200.59,527.27769,38.921716826809096,-341.94044335820945,-238.9933370090691,-102.94710634914034,80815.29650000001,81255.439,81839.05041409246,80815.29650000001,79791.54258590756,0
2026-05-07 19:00:00,80200.6,80224.0,79934.3,80146.11,443.20216,38.18668403899141,-342.61878877413983,-259.7184273620833,-82.90036141205655,80750.2515,81232.9492,81770.49578136575,80750.2515,79730.00721863424,0
2026-05-07 20:00:00,80146.77,80371.23,79859.51,79879.99,400.51449,34.73589567754313,-360.4747142279375,-279.86968473525417,-80.60502949268334,80693.40299999999,81200.24900000001,81772.85458146739,80693.40299999999,79613.9514185326,0
2026-05-07 21:00:00,79880.0,79934.92,79660.0,79735.01,401.75461,32.9869978703058,-381.9217815865559,-300.2801041055145,-81.64167748104137,80621.7635,81162.82220000001,81754.62702693489,80621.7635,79488.89997306511,1
2026-05-07 22:00:00,79735.0,79990.0,79582.95,79919.01,495.14556,37.30156325770643,-379.69459183521394,-316.1630016514544,-63.53159018375953,80562.04699999999,81128.2748,81710.76739002198,80562.04699999999,79413.326609978,1
2026-05-07 23:00:00,79919.0,80068.03,79871.98,80006.0,244.47169,39.291608270052386,-366.68326548488403,-326.26705441814033,-40.4162110667437,80520.6015,81100.25259999999,81686.63513007214,80520.6015,79354.56786992787,0
2026-05-08 00:00:00,80006.0,80142.84,79729.72,79831.99,958.06006,36.77699074999064,-366.1916193074576,-334.2519673960038,-31.93965191145378,80463.24149999999,81074.667,81646.1405764977,80463.24149999999,79280.34242350228,0
2026-05-08 01:00:00,79831.98,79900.11,79612.63,79740.01,539.33838,35.48424941256383,-368.9707384640933,-341.1957216096217,-27.775016854471573,80395.84199999999,81051.3568,81582.27681853493,80395.84199999999,79209.40718146505,0
2026-05-08 02:00:00,79740.01,79761.61,79316.99,79488.46,1066.54641,32.15532489641015,-387.0099829490355,-350.35857387750445,-36.65140907153102,80298.3345,81020.5258,81445.85013249781,80298.3345,79150.81886750218,1
2026-05-08 03:00:00,79488.47,79666.66,79181.48,79578.85,529.79179,34.532043986347375,-389.52232568852196,-358.19132423970797,-31.331001448813993,80201.348,80983.31599999999,81242.93255018866,80201.348,79159.76344981133,1
2026-05-08 04:00:00,79578.84,79748.0,79551.26,79655.23,317.73705,36.55462536549977,-380.9586930691876,-362.7447980056039,-18.213895063583664,80122.5475,80949.1498,81075.2141613473,80122.5475,79169.8808386527,0
2026-05-08 05:00:00,79655.22,79778.95,79600.0,79600.01,307.79364,35.69601063190866,-374.3128989307297,-365.0584181906291,-9.254480740100632,80056.098,80909.5162,80958.5654976261,80056.098,79153.6305023739,0
2026-05-08 06:00:00,79600.01,79654.0,79411.0,79525.76,792.09671,34.5218309531941,-370.7634830224706,-366.1994311569974,-4.564051865473232,79989.8485,80873.4094,80842.40284894111,79989.8485,79137.29415105887,1
2026-05-08 07:00:00,79525.77,79727.0,79248.58,79682.4,992.93778,39.07487845859077,-351.2618781596102,-363.21192055752,11.950042397909783,79930.636,80840.3974,80690.88147300418,79930.636,79170.39052699582,1
2026-05-08 08:00:00,79682.4,79987.27,79666.05,79886.01,628.59636,44.479214770825685,-315.73746548178315,-353.71702954237264,37.979564060589496,79866.836,80808.5834,80375.5926506919,79866.836,79358.07934930809,0
2026-05-08 09:00:00,79886.0,80061.17,79794.88,79872.72,481.81051,44.203592636460314,-285.3669716118893,-340.04701795627597,54.68004634438665,79835.288,80778.84139999999,80252.11541348333,79835.288,79418.46058651667,1
2026-05-08 10:00:00,79872.72,80278.92,79788.01,80212.56,650.80764,52.33700043066817,-231.2106362823397,-318.2797416214887,87.06910533914902,79837.347,80744.1794,80261.14341410848,79837.347,79413.55058589151,1
2026-05-08 11:00:00,80212.55,80340.94,80127.54,80231.22,586.98252,52.744326397574085,-184.65703297534492,-291.55519989225996,106.89816691691505,79854.3765,80708.86379999999,80311.43531190304,79854.3765,79397.31768809695,0
2026-05-08 12:00:00,80231.22,80500.0,79966.14,80025.82,831.54339,47.89253585999539,-162.4642436838185,-265.7370086505717,103.27276496675319,79865.6135,80663.5794,80327.89928630351,79865.6135,79403.3277136965,0
2026-05-08 13:00:00,80025.81,80095.99,79549.54,79647.8,1091.58342,40.50738282546844,-173.3807279291068,-247.26575250627872,73.88502457717192,79843.2775,80606.0776,80302.32158028228,79843.2775,79384.23341971771,1
2026-05-08 14:00:00,79647.81,80441.79,79647.8,80150.97,1005.3745,51.27720444426313,-139.81876284575264,-225.77635457417352,85.95759172842088,79840.7965,80564.6876,80292.56783217835,79840.7965,79389.02516782164,0
2026-05-08 15:00:00,80150.97,80200.0,79625.0,80142.14,812.90032,51.102373960829965,-112.63478720669809,-203.14804110067845,90.51325389398036,79840.598,80534.11260000001,80291.83573480418,79840.598,79389.36026519582,0
2026-05-08 16:00:00,80142.13,80182.18,79741.3,79802.34,665.763,44.77560933888556,-117.15976598285488,-185.95038607711376,68.79062009425888,79836.7155,80499.6248,80287.8669014898,79836.7155,79385.5640985102,1
2026-05-08 17:00:00,79802.35,80261.87,79738.75,80060.0,1502.98426,49.84613854865334,-98.81574917233957,-168.52345869615894,69.70770952381937,79852.965,80466.73980000001,80311.64113182639,79852.965,79394.28886817361,1
2026-05-08 18:00:00,80060.0,80299.99,80059.99,80078.4,470.37331,50.19780130585355,-81.84974455815973,-151.18871586855911,69.33897131039939,79860.9345,80435.689,80329.35903140953,79860.9345,79392.50996859047,1
2026-05-08 19:00:00,80078.39,80181.66,79954.54,80179.94,408.77976,52.1900533427924,-59.52447319882049,-132.8558673346114,73.3313941357909,79869.6315,80410.2352,80354.67076886207,79869.6315,79384.59223113794,0
2026-05-08 20:00:00,80180.0,80299.93,80089.76,80133.09,330.63666,51.172885116436625,-45.09214409165725,-115.30312268602056,70.21097859436331,79884.6865,80385.8342,80382.63748150146,79884.6865,79386.73551849854,1
2026-05-08 21:00:00,80133.08,80264.0,80116.32,80263.99,269.62208,53.877659926340215,-22.828727906919084,-96.80824373020027,73.97951582328119,79910.8855,80361.8166,80430.30594690818,79910.8855,79391.46505309183,0
2026-05-08 22:00:00,80264.0,80409.09,80238.42,80262.0,318.15524,53.82884156510561,-5.284470464102924,-78.50348907698081,73.21901861287789,79949.5625,80338.5062,80452.3363827369,79949.5625,79446.7886172631,0
2026-05-08 23:00:00,80262.0,80299.27,80111.02,80193.17,441.0953,52.071391352139266,3.030540016319719,-62.19668325832071,65.22722327464044,79980.2785,80311.5864,80463.38413836327,79980.2785,79497.17286163673,1
2026-05-09 00:00:00,80193.18,80240.87,80129.85,80238.76,206.53644,53.16218139141565,13.147422415335313,-47.12786212358951,60.27528453892482,80009.455,80289.5138,80480.85421182308,80009.455,79538.05578817692,1
2026-05-09 01:00:00,80238.75,80446.58,80217.46,80327.75,266.81337,55.30065454897906,28.022843982471386,-32.09772090237733,60.12056488484872,80045.842,80267.1286,80497.12291210628,80045.842,79594.56108789373,1
2026-05-09 02:00:00,80327.75,80477.47,80327.75,80417.87,231.63268,57.42081694389853,46.547087728991755,-16.368759176103516,62.91584690509527,80090.4475,80255.1468,80501.88372631281,80090.4475,79679.01127368718,0
2026-05-09 03:00:00,80417.88,80550.67,80307.76,80383.95,388.12699,56.33767291105173,57.82406402351626,-1.5301945361795628,59.35425855969582,80125.525,80239.46979999999,80510.60451821353,80125.525,79740.44548178646,0
2026-05-09 04:00:00,80383.96,80666.66,80373.55,80379.9,404.43634,56.20135669976652,65.67726124546607,11.911296620149564,53.765964625316506,80150.2195,80224.80099999999,80534.03560584577,80150.2195,79766.40339415424,0
2026-05-09 05:00:00,80379.9,80480.49,80343.0,80379.49,360.73513,56.186535124254625,71.04888572139316,23.738814440398286,47.310071280994876,80175.558,80215.6926,80549.53452695275,80175.558,79801.58147304726,0
2026-05-09 06:00:00,80379.5,80428.01,80201.6,80263.92,270.37474,52.02187546237217,65.22849024560128,32.036749601438885,33.191740644162394,80178.126,80201.3872,80553.78515831195,80178.126,79802.46684168806,0
2026-05-09 07:00:00,80263.93,80309.05,80135.0,80228.89,445.94164,50.7929365528913,57.13059076745412,37.05551783464193,20.07507293281219,80178.0095,80184.205,80553.60416330959,80178.0095,79802.41483669041,1
2026-05-09 08:00:00,80228.88,80452.44,80220.0,80407.12,297.06841,56.432348186789035,64.35279954364523,42.51497417644259,21.83782536720264,80197.0745,80163.57519999999,80578.49742755768,80197.0745,79815.65157244232,0
2026-05-09 09:00:00,80407.12,80415.83,80214.0,80242.53,211.41081,50.65849242512763,56.148173376350314,45.24161401642414,10.906559359926177,80226.811,80138.0542,80513.20086917089,80226.811,79940.42113082911,1
2026-05-09 10:00:00,80242.54,80346.94,80166.26,80264.02,234.54075,51.35827707488937,50.794484232435934,46.3521880596265,4.442296172809435,80232.4635,80118.70980000001,80517.09990775333,80232.4635,79947.82709224666,1
2026-05-09 11:00:00,80264.01,80366.07,80256.95,80345.46,266.71827,54.019676462862755,52.51778209139593,47.58530686598039,4.932475225415537,80242.62950000001,80107.039,80528.15790360767,80242.62950000001,79957.10109639235,1
2026-05-09 12:00:00,80345.47,80416.21,80274.03,80397.97,357.45715,55.702614528836506,57.45828289723431,49.559902072231175,7.898380825003137,80272.411,80097.98340000001,80482.25352124816,80272.411,80062.56847875183,0
2026-05-09 13:00:00,80397.97,80422.0,80318.7,80391.18,341.73909,55.42014202166596,60.13259796850616,51.67444125148617,8.458156717019989,80288.97,80088.47399999999,80480.63275143546,80288.97,80097.30724856454,0
2026-05-09 14:00:00,80391.18,80426.9,80254.71,80332.22,322.24573,52.91103467197157,56.83922546914255,52.70739809501745,4.131827374125095,80301.661,80071.8782,80467.78303912735,80301.661,80135.53896087264,1
2026-05-09 15:00:00,80332.23,80600.0,80234.0,80527.92,418.47876,59.47014183245632,69.22260342014488,56.01043916004294,13.212164260101936,80319.06,80072.363,80502.52950081106,80319.06,80135.59049918894,1
2026-05-09 16:00:00,80527.92,80777.0,80487.4,80625.01,546.55445,62.2774794251133,85.88088981001056,61.98452929003646,23.896360519974095,80343.656,80081.4356,80551.12965419228,80343.656,80136.18234580773,1
2026-05-09 17:00:00,80625.0,80928.56,80625.0,80812.7,430.13867,67.0315861516392,112.92597584413306,72.17281860085579,40.75315724327727,80371.09150000001,80099.87700000001,80658.78163020773,80371.09150000001,80083.4013697923,1
2026-05-09 18:00:00,80812.69,81080.0,80787.39,80907.65,339.35386,69.14977682427822,140.40259908061125,85.81877469680688,54.58382438380437,80403.374,80122.00839999999,80769.15506225443,80403.374,80037.59293774556,1
2026-05-09 19:00:00,80907.66,80958.0,80776.99,80938.53,217.80867,69.8287113034161,162.79320020228624,101.21365979790276,61.57954040438348,80440.64199999999,80138.8886,80860.9768840532,80440.64199999999,80020.30711594678,0
2026-05-09 20:00:00,80938.53,80938.53,80744.98,80805.5,144.14004,63.35967649047693,167.86842102180526,114.54461204268327,53.32380897912199,80468.97899999999,80150.98680000001,80907.09140124431,80468.97899999999,80030.86659875567,0
2026-05-09 21:00:00,80805.51,80896.0,80744.98,80780.83,149.85415,62.2087146345745,167.96372598272865,125.22843483069235,42.7352911520363,80491.633,80163.68119999999,80944.78942377892,80491.633,80038.47657622109,1
2026-05-09 22:00:00,80780.83,80823.24,80670.01,80782.38,199.54802,62.255107735510165,166.24792529987462,133.43233292452882,32.8155923753458,80509.8585,80181.729,80978.730163229,80509.8585,80040.986836771,0
2026-05-09 23:00:00,80782.38,80850.0,80621.88,80678.4,496.76761,57.18361139738655,154.7143729096133,137.68874092154573,17.025631988067573,80524.581,80200.5968,80995.20217028896,80524.581,80053.95982971105,1
2026-05-10 00:00:00,80678.41,80770.51,80610.64,80680.04,346.27712,57.24277428515552,144.0458133684151,138.9601554109196,5.085657957495499,80539.58799999999,80215.8174,81009.93938727568,80539.58799999999,80069.2366127243,1
2026-05-10 01:00:00,80680.03,80690.73,80572.77,80685.56,410.62072,57.45586227351855,134.48604947298008,138.06533422333172,-3.5792847503516327,80554.8915,80229.40860000001,81023.32391785682,80554.8915,80086.45908214318,1
2026-05-10 02:00:00,80685.55,80790.0,80611.0,80777.42,290.59888,60.94411528555965,132.79146466060774,137.01056031078693,-4.2190956501791845,80580.5665,80248.31719999999,81038.56542084941,80580.5665,80122.5675791506,0
2026-05-10 03:00:00,80777.42,80887.15,80709.59,80775.0,284.77121,60.80267778710549,129.75745701945561,135.55993965252065,-5.80248263306504,80607.872,80269.017,81043.31000389064,80607.872,80172.43399610936,0
2026-05-10 04:00:00,80774.99,80840.0,80722.78,80759.93,253.45188,59.870860296541515,124.69950280465127,133.38785228294677,-8.688349478295493,80625.5125,80294.4464,81055.54222018605,80625.5125,80195.48277981394,0
2026-05-10 05:00:00,80759.93,80816.52,80682.0,80700.77,372.73913,56.227859240693924,114.59632496906852,129.62954682017113,-15.03322185110261,80648.4245,80316.8848,81041.6462446522,80648.4245,80255.20275534778,1
2026-05-10 06:00:00,80700.76,80753.04,80658.97,80733.75,211.5502,57.770507214224665,108.00567196433258,125.30477184900342,-17.299099884670838,80671.911,80338.4552,81024.5008495481,80671.911,80319.32115045188,1
2026-05-10 07:00:00,80733.75,80827.14,80720.1,80736.03,400.67517,57.88102082322587,101.7931014111673,120.60243776143619,-18.809336350268893,80691.43950000001,80361.1756,81011.28688690098,80691.43950000001,80371.59211309903,1
2026-05-10 08:00:00,80736.03,80909.65,80715.33,80830.33,252.36808,62.27801566406971,103.28817460841674,117.13958513083232,-13.851410522415577,80713.0575,80387.267,81008.12739667435,80713.0575,80417.98760332564,0
2026-05-10 09:00:00,80830.34,80913.8,80756.53,80807.96,237.31778,60.66022940488958,101.49795361357974,114.01125882738181,-12.51330521380207,80733.8965,80409.7782,80991.59683011124,80733.8965,80476.19616988876,1
2026-05-10 10:00:00,80807.95,80883.48,80691.0,80873.79,279.49023,63.652516619874696,104.1900829923834,112.04702366038214,-7.856940667998742,80760.975,80429.5338,80948.38288571584,80760.975,80573.56711428417,0
2026-05-10 11:00:00,80873.8,80975.4,80750.0,80821.21,339.53296,59.74370267569014,100.91753383912146,109.82112569613001,-8.90359185700855,80775.6395,80448.5036,80930.9593307606,80775.6395,80620.31966923941,1
2026-05-10 12:00:00,80821.21,80950.0,80784.2,80927.72,235.68491,64.49945208121977,105.70003767813614,108.99690809253124,-3.2968704143951015,80790.775,80462.80679999999,80943.404495277,80790.775,80638.14550472298,1
2026-05-10 13:00:00,80927.71,81000.01,80865.44,80971.67,254.25083,66.27018194516145,111.7484376924258,109.54721401251015,2.2012236799156426,80798.7235,80477.61579999999,80970.45441538662,80798.7235,80626.99258461337,1
2026-05-10 14:00:00,80971.66,80999.36,80816.22,80990.11,372.4586,67.01360969827202,116.68472331398516,110.97471587280516,5.710007441179997,80802.84650000001,80496.9016,80988.25489457678,80802.84650000001,80617.43810542325,1
2026-05-10 15:00:00,80990.11,81442.81,80936.0,81418.01,780.28503,78.72938217561651,153.35691605664033,119.4511559095722,33.905760147068136,80826.8205,80532.3058,81149.43557402409,80826.8205,80504.20542597592,0
2026-05-10 16:00:00,81418.01,81500.0,81200.0,81378.25,595.22707,76.0273244950476,177.16929594267276,130.99478391619232,46.17451202648044,80855.458,80556.8514,81257.35854281203,80855.458,80453.55745718797,1
2026-05-10 17:00:00,81378.25,81583.11,81220.0,81476.18,599.74468,78.02759794981185,201.61877538679983,145.11958221031384,56.49919317648599,80890.2255,80583.5322,81372.54720039056,80890.2255,80407.90379960944,0
2026-05-10 18:00:00,81476.18,81493.11,81231.14,81271.96,268.90805,65.71368958533046,202.18564645685547,156.53279505962217,45.65285139723329,80914.7045,80612.9246,81421.71086310374,80914.7045,80407.69813689627,1
2026-05-10 19:00:00,81271.96,81481.92,81148.0,81437.83,334.34752,69.87246557058207,213.5574611532502,167.93772827834778,45.61973287490241,80952.676,80640.4812,81495.67895338491,80952.676,80409.6730466151,0
2026-05-10 20:00:00,81437.83,81459.66,80279.77,80734.88,1021.73969,44.974923236990456,163.95751584527898,167.14168579173403,-3.1841699464550572,80955.41799999999,80653.6108,81493.41714028994,80955.41799999999,80417.41885971004,0
2026-05-10 21:00:00,80734.88,80944.44,80571.97,80720.47,691.73163,44.623894950112074,122.07918244620669,158.12918512262857,-36.05000267642188,80957.1635,80664.4214,81491.86559685368,80957.1635,80422.46140314631,1
2026-05-10 22:00:00,80720.47,82171.96,80666.66,82044.49,1804.86462,68.7546943443653,193.4971356811584,165.20277523433455,28.294360446823845,81020.51699999999,80702.6494,81727.51481250921,81020.51699999999,80313.51918749078,1
2026-05-10 23:00:00,82044.49,82479.32,82044.49,82210.07,1395.68283,70.48675946818993,260.4549379515083,184.25320777776932,76.20173017373901,81092.2705,80741.571,81958.41321130565,81092.2705,80226.12778869434,0
2026-05-11 00:00:00,82210.07,82380.0,81280.0,81471.13,1294.00066,55.65831823166466,250.99982647725847,197.60253151766716,53.39729495959131,81127.8305,80765.7536,81994.87260077018,81127.8305,80260.78839922982,1
2026-05-11 01:00:00,81471.13,81744.85,81291.23,81501.72,495.92379,56.07032178506274,243.17180664443003,206.71638654301975,36.45542010141028,81167.878,80791.9246,82026.2656356245,81167.878,80309.4903643755,0
2026-05-11 02:00:00,81501.73,81572.4,81117.64,81169.08,491.97068,50.568019749862785,207.73216937773395,206.9195431099626,0.8126262677713498,81189.6445,80810.531,82024.6541261649,81189.6445,80354.6348738351,0
2026-05-11 03:00:00,81169.09,81188.97,80525.0,80736.01,857.95581,44.45197381052562,143.05185904765676,194.14600629750146,-51.094147249844696,81189.64349999999,80818.6962,82024.65529918612,81189.64349999999,80354.63170081386,1
2026-05-11 04:00:00,80736.0,80879.12,80639.99,80824.61,378.47076,45.89376514355178,97.81398788822116,174.8796026156454,-77.06561472742425,81189.35750000001,80826.83099999999,82024.86514841746,81189.35750000001,80353.84985158256,1
2026-05-11 05:00:00,80824.61,80981.8,80761.73,80832.33,423.68877,46.0252249177676,61.87236247397959,152.27815458731226,-90.40579211333267,81190.576,80835.79860000001,82023.92347143377,81190.576,80357.22852856624,0
2026-05-11 06:00:00,80832.34,81049.51,80762.0,80822.86,296.00491,45.87797090703491,32.25242959988827,128.27300958982747,-96.0205799899392,81188.0295,80844.6578,82025.53436975782,81188.0295,80350.52463024219,0
2026-05-11 07:00:00,80822.86,80840.3,80663.11,80740.4,496.93812,44.54163570343361,2.100374731584452,103.03848261817886,-100.93810788659441,81183.98899999999,80851.87599999999,82029.27725204485,81183.98899999999,80338.70074795512,1
2026-05-11 08:00:00,80740.4,80863.42,80621.87,80767.97,463.92135,45.11724163054258,-19.347649734816514,78.5612561475798,-97.90890588239631,81176.0015,80861.957,82033.75241373897,81176.0015,80318.25058626103,1
2026-05-11 09:00:00,80767.97,80997.63,80758.3,80966.57,330.83757,49.20692659244458,-20.088436428050045,58.83131763245383,-78.91975406050388,81175.7465,80876.71059999999,82033.74324135746,81175.7465,80317.74975864253,0
2026-05-11 10:00:00,80966.58,81200.0,80940.0,80940.0,488.26383,48.684242438334074,-22.559440972021548,42.553165911558764,-65.11260688358031,81173.241,80887.3682,82033.68065417979,81173.241,80312.8013458202,1
2026-05-11 11:00:00,80940.0,81196.95,80900.0,81196.94,356.37085,53.795441201535745,-3.7416873700276483,33.29419525524148,-37.03588262526913,81162.18750000001,80906.4564,82015.4152743276,81162.18750000001,80308.95972567242,0
2026-05-11 12:00:00,81196.95,81356.46,81029.77,81054.65,485.8963,50.77907442379027,-0.30656204231490847,26.574043795730205,-26.880605838045113,81146.0075,80922.269,81994.49245996335,81146.0075,80297.52254003666,1
2026-05-11 13:00:00,81054.65,81332.29,80739.63,81072.0,767.39683,51.13883393571662,3.772314633737551,22.013697963331676,-18.241383329594125,81125.7985,80936.7998,81961.01449518926,81125.7985,80290.58250481075,0
2026-05-11 14:00:00,81072.01,81252.72,80462.97,80953.38,767.64104,48.52732232333913,-2.537537709897151,17.10345082868591,-19.640988538583063,81109.8695,80947.908,81945.47934763701,81109.8695,80274.25965236299,1
2026-05-11 15:00:00,80953.39,81458.0,80826.02,81445.9,647.30001,58.09591624078071,31.8371083195525,20.05018232685923,11.78692599269327,81110.273,80969.0024,81946.52346947248,81110.273,80274.02253052752,1
2026-05-11 16:00:00,81445.89,81910.35,81344.72,81575.85,1113.46844,60.19829120787868,68.77237676634104,29.794621214755594,38.977755551585446,81152.32149999999,80993.875,81993.39875565491,81152.32149999999,80311.24424434507,1
2026-05-11 17:00:00,81575.84,82071.77,81369.42,81941.09,565.28919,65.44567652529435,126.06248877714097,49.04819472723267,77.0142940499083,81213.35250000001,81022.1384,82096.32691856721,81213.35250000001,80330.3780814328,0
2026-05-11 18:00:00,81941.09,82137.26,81836.15,81858.96,536.09834,63.420878703669196,162.95961369984434,71.83047852175501,91.12913517808933,81204.076,81046.8174,82055.25371943647,81204.076,80352.89828056353,1
2026-05-11 19:00:00,81858.97,82091.11,81739.09,81961.99,458.6097,64.88844369662681,198.22944532077236,97.11027188155849,101.11917343921387,81191.67199999999,81069.80320000001,81989.40003252302,81191.67199999999,80393.94396747697,0
2026-05-11 20:00:00,81961.99,82078.91,81758.5,81821.02,322.40099,61.26655406256932,212.35800917966117,120.15981934117903,92.19818983848214,81209.1665,81088.0706,82045.07451528643,81209.1665,80373.25848471359,1
2026-05-11 21:00:00,81821.03,81906.35,81600.0,81821.18,268.82965,61.26919648548878,221.02012605850177,140.33188068464358,80.6882453738582,81225.1395,81105.7236,82094.3438821036,81225.1395,80355.93511789641,1
2026-05-11 22:00:00,81821.18,81969.99,81729.99,81833.92,366.43361,61.49445107037675,226.30423328770848,157.52635120525656,68.77788208245192,81258.3815,81126.29199999999,82166.45106866758,81258.3815,80350.31193133243,0
2026-05-11 23:00:00,81833.92,81833.92,81596.31,81745.65,278.04936,58.93685208953518,220.82375623607368,170.18583221142,50.63792402465367,81308.8635,81145.58840000001,82207.36688544726,81308.8635,80410.36011455275,0
2026-05-12 00:00:00,81745.66,81788.0,81478.75,81545.2,419.66559,53.495675575150564,198.02311175133218,175.75328811940244,22.26982363192974,81344.893,81160.84479999999,82220.32805297265,81344.893,80469.45794702735,0
2026-05-12 01:00:00,81545.2,81615.67,80714.28,81199.18,866.00547,45.65930446002858,150.29995026896358,170.66262054931468,-20.362670280351097,81363.2355,81171.2604,82209.84227568055,81363.2355,80516.62872431944,1
2026-05-12 02:00:00,81199.18,81332.29,81087.63,81249.93,386.77691,46.88817759594766,115.24562203898677,159.5792208472491,-44.33359880826234,81384.589,81182.65819999999,82196.42989318368,81384.589,80572.74810681633,0
2026-05-12 03:00:00,81249.93,81294.42,81024.41,81058.8,187.87319,42.94894309452792,71.22122673585545,141.90762202497038,-70.68639528911493,81400.509,81190.12299999999,82172.71600023069,81400.509,80628.30199976932,1
2026-05-12 04:00:00,81058.79,81303.99,81000.0,81240.01,398.28206,47.45615823809297,50.37303979766148,123.60070557950861,-73.22766578184714,81424.111,81199.37479999999,82144.67071444796,81424.111,80703.55128555205,0
2026-05-12 05:00:00,81240.01,81305.24,81181.56,81224.03,329.93857,47.10275526061963,32.19018063187832,105.31860058998257,-73.12841995810425,81436.98400000001,81208.3554,82133.17447217363,81436.98400000001,80740.79352782639,0
2026-05-12 06:00:00,81224.04,81300.0,81010.01,81022.44,448.36294,42.77516428791242,1.4962575745594222,84.55413198689794,-83.05787441233852,81441.106,81213.60560000001,82126.36794724742,81441.106,80755.84405275258,0
2026-05-12 07:00:00,81022.44,81137.27,80800.77,80865.4,603.31882,39.71411208099522,-35.096146616502665,60.62407626621783,-95.72022288272049,81424.529,81216.8982,82147.61185915607,81424.529,80701.44614084392,0
2026-05-12 08:00:00,80865.4,80964.13,80760.53,80843.31,478.61372,39.28820840556259,-65.12761831472744,35.47373735002878,-100.60135566475623,81413.962,81219.0894,82164.03078718774,81413.962,80663.89321281225,0
2026-05-12 09:00:00,80843.3,80963.35,80720.0,80837.15,506.71585,39.16208316840902,-88.40575006330619,10.697839867361786,-99.10358993066797,81402.21949999999,81221.1118,82180.16966232935,81402.21949999999,80624.26933767063,0
2026-05-12 10:00:00,80837.15,80848.27,80601.27,80666.37,487.71377,35.73680048515847,-119.25960542114626,-15.293649190339824,-103.96595623080644,81387.869,81217.8326,82207.86060096021,81387.869,80567.8773990398,1
2026-05-12 11:00:00,80666.38,80785.38,80496.57,80784.87,500.02112,39.67922656845586,-132.620778645447,-38.75907508136126,-93.86170356408573,81354.81749999999,81217.3708,82215.08760784069,81354.81749999999,80494.5473921593,1
2026-05-12 12:00:00,80784.86,80999.0,80619.19,80881.26,585.87948,42.755556199019615,-133.88835563148314,-57.78493119138564,-76.1034244400975,81320.088,81217.5202,82197.76696961999,81320.088,80442.40903038002,0
2026-05-12 13:00:00,80881.25,80928.26,80397.07,80466.91,795.94705,34.58922720071682,-166.40923953072343,-79.5097928592532,-86.89944667147023,81246.379,81210.4342,82150.2828389813,81246.379,80342.47516101871,1
2026-05-12 14:00:00,80466.91,80888.01,80397.88,80540.0,865.59094,36.87946350930205,-184.16162162237742,-100.44015861187805,-83.72146301049938,81180.43100000001,81202.6798,82088.38956586359,81180.43100000001,80272.47243413643,0
2026-05-12 15:00:00,80540.0,80676.78,80188.65,80336.01,958.32005,33.36793685115764,-212.24418170419813,-122.80096323034206,-89.44321847385606,81099.13200000001,81189.9666,82003.78282693434,81099.13200000001,80194.48117306568,0
2026-05-12 16:00:00,80336.01,80435.99,79843.59,80000.01,1473.4545,28.54647299592557,-258.63086915627355,-149.96694441552836,-108.66392474074519,81008.0815,81170.1646,81968.61349933155,81008.0815,80047.54950066845,1
2026-05-12 17:00:00,80000.01,80593.06,79951.05,80527.69,486.64257,42.57901208158304,-249.93222406423592,-169.9600003452699,-79.97222371896603,80943.40699999999,81152.3582,81848.84607716245,80943.40699999999,80037.96792283753,1
2026-05-12 18:00:00,80527.69,80763.81,80430.0,80679.12,367.3581,45.86464863462457,-228.18892977201904,-181.60578623061974,-46.583143541399295,80885.66699999999,81138.3756,81699.2093376154,80885.66699999999,80072.12466238458,1
2026-05-12 19:00:00,80679.11,80874.42,80679.11,80834.64,346.22158,49.086746452770974,-196.14698775080615,-184.51402653465703,-11.632961216149113,80840.1165,81125.54479999999,81551.56455979052,80840.1165,80128.66844020948,0
2026-05-12 20:00:00,80835.3,80896.25,80642.85,80696.87,292.49967,46.44926335035808,-179.79780824415502,-183.57078287655662,3.772974632401599,80797.7,81114.043,81433.02437970586,80797.7,80162.37562029413,0
2026-05-12 21:00:00,80696.87,80738.0,80497.0,80587.44,202.53849,44.40820652187746,-173.66910283871402,-181.59044686898812,7.921344030274099,80767.11299999998,81097.0352,81380.70848940047,80767.11299999998,80153.5175105995,1
2026-05-12 22:00:00,80587.45,80791.94,80587.45,80656.43,151.10909,46.01868222571815,-161.38479971095512,-177.54931743738155,16.164517726426425,80737.438,81095.4662,81310.85294252643,80737.438,80164.02305747356,0
2026-05-12 23:00:00,80656.44,80714.0,80439.91,80504.47,247.40723,43.05970026361385,-162.04336791897367,-174.44812753369996,12.404759614726288,80709.7215,81091.14619999999,81271.79977712834,80709.7215,80147.64322287166,1
2026-05-13 00:00:00,80504.47,80768.95,80412.15,80718.0,230.81443,48.108823335997286,-143.67895990055695,-168.2942940070714,24.61533410651444,80683.621,81064.6164,81190.552527215,80683.621,80176.689472785,1
2026-05-13 01:00:00,80718.0,81195.69,80683.12,81006.0,633.76198,54.02977007884849,-104.67916490147763,-155.57126818595265,50.89210328447501,80672.7195,81040.535,81140.56719845274,80672.7195,80204.87180154727,1
2026-05-13 02:00:00,81005.99,81281.66,80934.69,81050.0,333.93602,54.87688356300676,-69.42087349308713,-138.34118924737953,68.9203157542924,80674.0975,81032.1124,81146.20035206036,80674.0975,80201.99464793965,1
2026-05-13 03:00:00,81050.0,81299.99,80976.27,81249.99,377.40594,58.61022942415848,-25.052116708800895,-115.6833747396638,90.63125803086291,80693.327,81027.0778,81222.86747366803,80693.327,80163.78652633198,0
2026-05-13 04:00:00,81249.99,81281.07,81124.87,81231.96,253.70329,58.143172309910035,8.55693338382116,-90.83531311496681,99.39224649878797,80712.7595,81028.3354,81289.32584198292,80712.7595,80136.19315801708,0
2026-05-13 05:00:00,81231.96,81247.22,80999.99,81019.99,266.87053,52.81456591771956,17.882007577383774,-69.09184897649669,86.97385655388047,80721.9015,81034.015,81311.71329945776,80721.9015,80132.08970054226,0
2026-05-13 06:00:00,81020.0,81160.36,80972.94,80980.05,499.1653,51.85032676947461,21.79809695891163,-50.913859789415035,72.71195674832666,80737.5855,81037.1238,81337.25656605838,80737.5855,80137.91443394162,1
2026-05-13 07:00:00,80980.06,81049.01,80889.12,81026.92,476.02435,52.936225623918816,28.356764172844123,-35.0597349969632,63.416499169807324,80749.688,81041.0156,81362.31776685157,80749.688,80137.05823314842,1
2026-05-13 08:00:00,81026.92,81200.0,80943.63,81196.57,372.92514,56.739286704517745,46.70550043247931,-18.706687911074702,65.41218834355402,80765.4535,81048.4898,81406.38991917092,80765.4535,80124.51708082909,1
2026-05-13 09:00:00,81196.57,81324.64,81137.77,81291.38,435.50222,58.74561338041638,68.11222541730967,-1.3429052453978283,69.4551306627075,80806.677,81059.50940000001,81471.1287123258,80806.677,80142.2252876742,0
2026-05-13 10:00:00,81291.37,81298.5,80809.01,80809.01,364.76288,46.8425372973201,45.62801022971689,8.051277849625118,37.57673238009178,80820.12749999999,81060.3302,81473.2355908423,80820.12749999999,80167.01940915767,0
2026-05-13 11:00:00,80809.01,80843.87,80494.98,80501.22,668.09274,41.117603600920866,2.939146362186875,7.0288515521374695,-4.089705189950594,80828.388,81051.0232,81460.64086304825,80828.388,80196.13513695177,0
2026-05-13 12:00:00,80501.22,80592.65,79852.0,80202.78,1194.36751,36.46407430941551,-54.34721873475064,-5.246362505240153,-49.100856229510484,80838.5265,81036.2788,81421.93679975458,80838.5265,80255.11620024544,0
2026-05-13 13:00:00,80202.78,80345.45,79576.47,79656.01,1205.27854,29.807979175682547,-142.2273370444891,-32.642557413089946,-109.58477963139916,80794.94249999999,81005.4602,81565.08177717241,80794.94249999999,80024.80322282757,1
2026-05-13 14:00:00,79656.01,79898.0,79481.56,79756.01,942.38578,32.24400593459008,-201.48124925816956,-66.41029578210588,-135.07095347606366,80748.787,80979.4874,81641.97587315763,80748.787,79855.59812684236,0
2026-05-13 15:00:00,79756.02,79856.08,78807.22,78827.21,1731.43058,23.935205054950913,-319.70147963345516,-117.06853255237574,-202.6329470810794,80648.41549999999,80934.5916,81870.91543740181,80648.41549999999,79425.91556259817,1
2026-05-13 16:00:00,78827.21,79222.22,78754.65,79108.39,1522.11383,29.830238363287535,-386.25053215387743,-170.90493247267608,-215.34559968120135,80568.9915,80897.6918,81962.95690497222,80568.9915,79175.02609502779,1
2026-05-13 17:00:00,79108.39,79556.36,79100.0,79514.97,611.40519,37.38665256280548,-401.5546555570327,-217.03487708954742,-184.51977846748525,80515.368,80859.0732,81982.93804136508,80515.368,79047.79795863492,1
2026-05-13 18:00:00,79514.97,79800.0,79514.97,79598.15,747.58594,38.83778335866831,-402.33350260443694,-254.09460219252534,-148.2389004119116,80462.454,80819.5192,81981.28260621738,80462.454,78943.62539378261,1
2026-05-13 19:00:00,79598.15,79646.29,79400.0,79642.41,463.49581,39.63940662469321,-394.8280009737209,-282.2412819487645,-112.58671902495644,80419.351,80773.5456,81979.33504612489,80419.351,78859.3669538751,1
2026-05-13 20:00:00,79642.41,79760.0,79622.7,79698.95,225.22286,40.70848301042124,-379.9378444143367,-301.780594441879,-78.15724997245775,80368.3985,80730.3454,81952.41960789569,80368.3985,78784.3773921043,0
2026-05-13 21:00:00,79698.95,79705.73,79340.39,79398.54,418.00056,36.96254671603976,-387.9063218174997,-319.0057399170031,-68.9005819004966,80288.0255,80679.07639999999,81897.4047471593,80288.0255,78678.64625284071,1
2026-05-13 22:00:00,79398.54,79470.0,79228.0,79428.46,338.28664,37.57863172287419,-387.3420654032525,-332.673005014253,-54.66906038899947,80206.9485,80631.2252,81817.99076620498,80206.9485,78595.90623379502,0
2026-05-13 23:00:00,79428.46,79499.01,79233.83,79313.61,497.51837,36.11936014957556,-391.6476529373467,-344.4679345988718,-47.17971833847491,80110.1295,80581.0738,81691.26362758904,80110.1295,78528.99537241095,1
2026-05-14 00:00:00,79313.61,79681.73,79308.0,79580.0,443.66772,41.76781720098392,-369.30727105737606,-349.4358018905727,-19.871469166803365,80027.5315,80535.9954,81536.5716367156,80027.5315,78518.4913632844,1
2026-05-14 01:00:00,79580.0,79681.73,79409.42,79604.6,369.48629,42.27541909570049,-345.6330998288322,-348.6752614782246,3.042161649392426,79956.762,80493.17439999999,81404.50102399278,79956.762,78509.02297600723,0
2026-05-14 02:00:00,79604.61,79676.11,79222.22,79370.24,684.03959,38.80500738004138,-341.8415058482933,-347.3085103522384,5.467004503945077,79876.2715,80449.6752,81265.30402097943,79876.2715,78487.23897902058,0
2026-05-14 03:00:00,79370.24,79460.0,78922.0,79044.85,712.36112,34.56266516073164,-360.9322911245399,-350.03326650669874,-10.899024617841178,79777.168,80406.58859999999,81105.16622195338,79777.168,78449.16977804663,1
2026-05-14 04:00:00,79044.86,79474.41,78982.06,79451.63,437.35487,42.958248119309694,-339.32658396348415,-347.89192999805584,8.56534603457169,79689.921,80370.6226,80852.41216635062,79689.921,78527.42983364938,1
2026-05-14 05:00:00,79451.62,79998.0,79359.49,79809.16,850.16622,49.135275561913694,-290.0111543191888,-336.31577486228247,46.30462054309368,79615.81000000001,80345.6298,80520.97592547839,79615.81000000001,78710.64407452164,0
2026-05-14 06:00:00,79809.15,79953.35,79769.12,79804.71,301.13354,49.06405877872938,-248.423724776585,-318.73736484514296,70.31364006855796,79565.595,80316.9238,80294.72500332387,79565.595,78836.46499667614,0
2026-05-14 07:00:00,79804.72,79937.59,79702.05,79745.98,480.32483,48.0737254187067,-217.69495547936822,-298.528882971988,80.83392749261981,79527.83300000001,80287.36279999999,80125.62527888209,79527.83300000001,78930.04072111794,1
2026-05-14 08:00:00,79745.99,79936.98,79644.44,79821.56,652.77033,49.48676614720671,-185.10968089630478,-275.84504255685135,90.73536166054657,79508.77200000001,80263.3452,80039.85272959863,79508.77200000001,78977.6912704014,0
2026-05-14 09:00:00,79821.55,79905.99,79569.81,79635.52,445.75367,46.15717533452932,-172.31119305036555,-255.1382726555542,82.82707960518866,79507.74750000001,80238.7476,80037.76613016502,79507.74750000001,78977.728869835,0
2026-05-14 10:00:00,79635.53,79756.98,79409.42,79570.01,384.95969,45.00879659586819,-165.54609638417605,-237.21983740127857,71.67374101710251,79498.44750000001,80213.2816,80017.12105660568,79498.44750000001,78979.77394339434,0
2026-05-14 11:00:00,79570.01,79600.0,79234.0,79258.27,362.97846,39.91905445447,-183.227389920532,-226.42134790512927,43.19395798459726,79520.00050000001,80181.704,79954.26910478972,79520.00050000001,79085.7318952103,1
2026-05-14 12:00:00,79258.27,79775.02,79230.31,79767.11,526.41242,49.88157423372029,-154.40096873197763,-212.01727207049893,57.616303338521305,79552.9365,80163.7188,79956.14622331783,79552.9365,79149.72677668216,0
2026-05-14 13:00:00,79767.1,80059.71,79670.88,79701.73,1000.54213,48.762732072160276,-135.27210918274068,-196.6682394929473,61.396130310206615,79562.2745,80142.056,79970.15793691066,79562.2745,79154.39106308934,1
2026-05-14 14:00:00,79701.73,81020.0,79561.52,80964.85,1882.78042,65.0656596280848,-17.98183906088525,-160.9309594065349,142.94912034564965,79630.6095,80143.72780000001,80366.05249952216,79630.6095,78895.16650047785,1
2026-05-14 15:00:00,80964.84,81332.23,80816.08,81301.23,2292.36231,67.9869635481221,100.95090065350814,-108.5545873945263,209.50548804803444,79713.5505,80160.4142,80748.69603965431,79713.5505,78678.40496034568,1
2026-05-14 16:00:00,81301.22,81904.44,81080.25,81888.4,2732.81932,72.33569278646634,239.8211565476522,-38.87943860609059,278.7005951537428,79823.023,80187.3822,81226.42629551108,79823.023,78419.61970448893,0
2026-05-14 17:00:00,81888.4,82048.13,81271.0,81668.48,1967.47911,68.57812636148478,328.3461586693156,34.56568084899065,293.78047782032496,79936.51999999999,80214.0316,81537.49460258662,79936.51999999999,78335.54539741336,0
2026-05-14 18:00:00,81668.49,81949.15,81440.38,81581.99,1012.7972,67.1018277047145,387.06203031825135,105.0649507428428,281.9970795754085,80044.19649999999,80245.6712,81778.16076577324,80044.19649999999,78310.23223422674,0
2026-05-14 19:00:00,81582.0,81718.73,81330.12,81419.74,566.84044,64.30517816355626,415.71051060938044,167.19406271615034,248.5164478932301,80149.503,80263.5122,81947.82079630066,80149.503,78351.18520369934,0
2026-05-14 20:00:00,81419.75,81590.19,81166.22,81412.04,471.62836,64.16849461318972,432.8042144202627,220.31609305697282,212.4881213632899,80241.10500000001,80278.1706,82099.68413276454,80241.10500000001,78382.52586723548,0
2026-05-14 21:00:00,81412.05,81526.08,81268.38,81396.61,292.07185,63.87549673183032,440.033592455351,264.25959293664846,175.77399951870257,80330.70550000001,80289.41,82230.23545036849,80330.70550000001,78431.17554963153,1
2026-05-14 22:00:00,81396.61,81559.71,81335.48,81456.0,322.84736,64.54651393810924,445.42067105883325,300.4918085610854,144.92886249774784,80434.99350000001,80304.5926,82341.15950315371,80434.99350000001,78528.82749684631,0
2026-05-14 23:00:00,81456.0,81456.0,81059.93,81089.99,534.29082,57.46248269704634,415.36791872755566,323.4670305943795,91.90088813317618,80537.2505,80314.64360000001,82351.34728580473,80537.2505,78723.15371419526,1
2026-05-15 00:00:00,81090.0,81664.45,81068.52,81518.67,578.5498,62.634954646078015,421.28547267055546,343.0307190096147,78.25475366094076,80640.60250000001,80331.8884,82430.89383876117,80640.60250000001,78850.31116123885,0
2026-05-15 01:00:00,81518.66,81612.73,81106.2,81131.01,538.82284,56.00302453958866,390.19631439032673,352.4638380857571,37.732476304569616,80706.69499999999,80344.4192,82466.6696533596,80706.69499999999,78946.72034664039,1
2026-05-15 02:00:00,81131.0,81350.0,80750.0,81299.14,829.4016,58.076321268300404,374.80410987572395,356.9318924437505,17.872217431973468,80781.4165,80356.042,82508.45454178698,80781.4165,79054.37845821303,0
2026-05-15 03:00:00,81299.14,81340.81,80930.82,81059.15,506.95135,54.15350618318687,339.32891705230577,353.41129736546156,-14.082380313155795,80847.075,80357.105,82510.33014386351,80847.075,79183.81985613648,0
2026-05-15 04:00:00,81059.15,81100.0,80709.09,80724.71,367.57246,49.169232101556744,280.9889919963316,338.9268362916356,-57.93784429530399,80892.2325,80350.59920000001,82489.39226344369,80892.2325,79295.0727365563,0
2026-05-15 05:00:00,80724.71,80882.45,80314.0,80360.01,1029.21412,44.37303819482666,202.9860422573547,311.7386774847795,-108.75263522742478,80928.457,80332.7996,82440.56061706218,80928.457,79416.35338293781,1
2026-05-15 06:00:00,80360.01,80644.5,80314.01,80580.0,815.53271,47.68784181598342,157.1084486754553,280.81263172291466,-123.70418304745937,80978.9565,80319.7604,82368.72819223566,80978.9565,79589.18480776434,1
2026-05-15 07:00:00,80580.0,81003.37,80559.88,80814.88,878.78211,51.04229183334327,138.1109215252509,252.27228968338193,-114.16136815813104,81056.78699999998,80315.65819999999,82205.90266995347,81056.78699999998,79907.67133004649,0
2026-05-15 08:00:00,80814.88,80822.95,80415.84,80638.0,538.63644,48.51910812800032,107.54281995144265,223.3263957369941,-115.78357578555145,81100.3315,80308.81719999999,82107.95518293908,81100.3315,80092.70781706092,0
2026-05-15 09:00:00,80638.0,80670.51,80369.0,80489.8,471.66166,46.44737396586341,70.54567119757121,192.77025082910953,-122.22457963153832,81139.735,80298.0748,81971.8572593518,81139.735,80307.6127406482,1
2026-05-15 10:00:00,80489.81,80776.33,80407.6,80716.23,444.96934,49.96285066826364,58.818153841173626,165.97983143152234,-107.16167759034872,81127.30399999999,80288.46800000001,81976.75304486656,81127.30399999999,80277.85495513341,0
2026-05-15 11:00:00,80716.22,80750.56,80590.08,80628.53,250.99223,48.63126435321764,41.96362424464314,141.1765899941465,-99.21296574950335,81093.669,80275.211,81965.87509768833,81093.669,80221.46290231166,0
2026-05-15 12:00:00,80628.52,80635.44,80340.83,80385.11,535.00082,45.042951487439076,8.86217086565739,114.71370616844868,-105.85153530279129,81018.50450000001,80266.733,81862.44547390021,81018.50450000001,80174.56352609981,0
2026-05-15 13:00:00,80385.1,80385.11,78698.69,78758.59,3101.88518,29.421359013142265,-146.92389284567616,62.386186365623715,-209.31007921129986,80873.01,80231.8804,82123.81408084098,80873.01,79622.20591915901,1
2026-05-15 14:00:00,78758.59,79353.32,78659.0,79150.37,1965.21031,35.24678067175931,-236.05104939622106,2.698739213254754,-238.74978860947581,80751.429,80210.8322,82165.05917661775,80751.429,79337.79882338225,0
2026-05-15 15:00:00,79150.36,79369.36,79013.81,79150.27,606.4731,35.24598101042207,-303.19795496264123,-58.48059962192445,-244.71735534071678,80637.95550000001,80200.7174,82177.52019352451,80637.95550000001,79098.39080647551,1
2026-05-15 16:00:00,79150.26,79382.3,79131.01,79294.31,514.78679,37.44738578198169,-340.86031168889895,-114.95654203531936,-225.9037696535796,80532.069,80191.4834,82134.14481759544,80532.069,78929.99318240456,1
2026-05-15 17:00:00,79294.31,79504.83,79224.0,79460.0,478.80422,39.97529279138109,-353.2659722386452,-162.61842807598453,-190.64754416266067,80435.2385,80204.1392,82050.6401535893,80435.2385,78819.83684641072,0
2026-05-15 18:00:00,79460.0,79561.94,79170.47,79284.0,544.01093,38.20892358173137,-372.9995698518178,-204.69465643115117,-168.30491342066662,80326.6385,80207.6514,81944.97896826336,80326.6385,78708.29803173665,0
2026-05-15 19:00:00,79284.01,79290.0,79051.0,79146.5,421.75884,36.83937695452096,-395.17831932254194,-242.79138900942934,-152.3869303131126,80229.464,80200.28199999999,81885.74254262011,80229.464,78573.1854573799,0
2026-05-15 20:00:00,79146.5,79217.07,79000.0,79123.12,224.44355,36.599156717743284,-409.91644703522616,-276.21640061458874,-133.70004642063742,80109.6865,80190.78139999999,81721.59871842216,80109.6865,78497.77428157783,0
2026-05-15 21:00:00,79123.13,79200.0,78911.42,78973.5,682.32127,35.025148045912275,-428.72749926555844,-306.7186203447827,-122.00887892077571,80001.811,80177.4032,81614.65820916879,80001.811,78388.96379083121,1
2026-05-15 22:00:00,78973.5,79145.44,78973.49,79107.38,347.86808,37.61072070815147,-427.89983364242653,-330.9548630043115,-96.94497063811502,79892.22300000001,80165.57179999999,81433.85423251038,79892.22300000001,78350.59176748965,1
2026-05-15 23:00:00,79107.38,79161.86,79077.96,79113.21,677.62104,37.726932244824866,-421.9099550642859,-349.14588141630645,-72.76407364797944,79794.926,80159.8652,81274.04349309625,79794.926,78315.80850690376,0
2026-05-16 00:00:00,79113.2,79227.77,79075.09,79111.92,314.0124,37.71019423249723,-412.5118455792399,-361.8190742488931,-50.69277133034677,79714.2865,80153.5344,81157.26169882299,79714.2865,78271.31130117702,1
2026-05-16 01:00:00,79111.92,79186.05,79010.0,79168.0,357.20294,38.977682838939145,-395.9740464604256,-368.65006869119964,-27.323977769225962,79654.686,80150.62220000001,81084.46310372742,79654.686,78224.90889627258,0
2026-05-16 02:00:00,79168.0,79211.77,79080.1,79155.54,208.30505,38.78882784905578,-379.49851670682256,-370.81975829432423,-8.678758412498325,79583.463,80142.133,80962.79611769532,79583.463,78204.12988230468,0
2026-05-16 03:00:00,79155.55,79187.71,79059.77,79083.18,368.66241,37.64800142404752,-368.0378763960907,-370.26338191467755,2.2255055185868287,79496.878,80131.7046,80769.41524940019,79496.878,78224.3407505998,0
2026-05-16 04:00:00,79083.19,79129.71,78860.0,79035.26,321.76822,36.874533364819676,-358.68725647860265,-367.9481568274626,9.260900348859934,79416.74100000001,80125.005,80589.70717506342,79416.74100000001,78243.7748249366,0
2026-05-16 05:00:00,79035.25,79039.49,78933.63,79027.37,183.05543,36.74069129062996,-347.90306985974894,-363.9391394339199,16.036069574170938,79343.6195,80124.6554,80418.09307548979,79343.6195,78269.14592451022,0
2026-05-16 06:00:00,79027.36,79047.94,78459.87,78648.0,632.26156,30.92787191593557,-365.7523473537003,-364.30178101787595,-1.4505663358243623,79240.20800000001,80108.58279999999,80152.17460679584,79240.20800000001,78328.24139320418,0
2026-05-16 07:00:00,78648.0,78651.63,78066.0,78369.77,1267.74437,27.49246039863354,-397.76369185915974,-370.9941631861327,-26.769528673027025,79127.27,80079.795,79866.66704608996,79127.27,78387.87295391005,1
2026-05-16 08:00:00,78369.78,78530.52,78334.21,78426.56,379.04319,29.220636434976825,-413.78062910008885,-379.55145636892394,-34.22917273116491,79029.3425,80052.232,79567.96613338553,79029.3425,78490.71886661446,0
2026-05-16 09:00:00,78426.55,78440.81,77906.1,78083.48,1104.4311,25.297834558097435,-448.9822679173376,-393.43761867860667,-55.544649238730926,78995.587,80018.982,79666.27878752271,78995.587,78324.89521247729,0
2026-05-16 10:00:00,78083.47,78101.43,77640.0,77960.0,1759.70594,24.04657931017705,-481.29554883777746,-411.0092047104409,-70.28634412733658,78936.0685,79981.7508,79739.40790397402,78936.0685,78132.72909602597,1
2026-05-16 11:00:00,77959.99,78193.88,77959.99,78081.71,602.9198,27.83537550911963,-491.41831253512646,-427.091026275378,-64.32728625974846,78882.64050000001,79950.6746,79760.56146798361,78882.64050000001,78004.7195320164,0
2026-05-16 12:00:00,78080.46,78133.38,77918.62,78007.23,791.53177,26.949440726262367,-499.6904685654299,-441.6109147333884,-58.07955383204148,78818.2865,79919.419,79752.92751665677,78818.2865,77883.64548334324,1
2026-05-16 13:00:00,78007.24,78014.6,77833.4,78014.6,830.86287,27.196368655048275,-499.8891039901355,-453.26655258473784,-46.622551405397644,78746.0165,79894.5456,79694.42842171814,78746.0165,77797.60457828185,1
2026-05-16 14:00:00,78014.6,78346.0,77895.2,78130.55,729.04785,31.140045738167913,-485.09841545973904,-459.6329251597381,-25.465490300000965,78688.344,79861.8144,79639.16220423362,78688.344,77737.52579576637,1
2026-05-16 15:00:00,78130.55,78285.0,78078.22,78238.67,332.91477,34.69252200395407,-459.3571248395019,-459.5777650956909,0.22064025618897176,78642.95249999998,79832.55320000001,79588.61293673243,78642.95249999998,77697.29206326754,0
2026-05-16 16:00:00,78238.68,78364.65,78119.72,78205.96,328.10255,34.1190391500171,-436.56395270298526,-454.9750026171498,18.41104991416455,78597.0945,79777.3754,79534.08017776939,78597.0945,77660.10882223063,0
2026-05-16 17:00:00,78205.96,78320.41,78199.0,78201.5,350.20669,34.03642252118321,-414.0867500011227,-446.7973520939444,32.710602092821716,78558.4945,79715.3808,79493.87950198844,78558.4945,77623.10949801156,1
2026-05-16 18:00:00,78201.5,78327.75,78142.99,78229.81,310.63405,35.110498026453,-389.4991211036395,-435.33770589588346,45.83858479224398,78514.616,79642.209,79424.88818598718,78514.616,77604.34381401281,1
2026-05-16 19:00:00,78229.82,78314.69,78204.22,78259.66,271.10252,36.288477556640686,-363.415376285353,-420.9532399737774,57.53786368842441,78471.9385,79574.03259999999,79345.23543322308,78471.9385,77598.64156677693,1
2026-05-16 20:00:00,78259.67,78318.94,78201.42,78261.0,194.3429,36.34434328329202,-338.73101352131926,-404.50879468328577,65.77778116196652,78429.3925,79507.61279999999,79255.46188643239,78429.3925,77603.32311356762,1
2026-05-16 21:00:00,78261.0,78308.33,78206.85,78265.73,237.27188,36.555818895510335,-315.15390863757057,-386.63781747414276,71.4839088365722,78384.27900000001,79444.53259999999,79139.5925737174,78384.27900000001,77628.96542628262,0
2026-05-16 22:00:00,78265.73,78279.28,78171.02,78186.25,128.79242,34.48278220760719,-299.4306052826432,-369.19637503584283,69.7657697531996,78335.81450000001,79380.0168,79006.61831226159,78335.81450000001,77665.01068773842,0
2026-05-16 23:00:00,78186.25,78267.46,78125.32,78148.05,128.93924,33.49949823336898,-286.74675672498415,-352.7064513736711,65.95969464868693,78289.058,79315.04560000001,78869.20723661903,78289.058,77708.90876338098,0
2026-05-17 00:00:00,78148.05,78243.19,77812.0,77945.85,311.59646,28.81560603163264,-289.67141376130166,-340.09944385119724,50.42803008989557,78234.5875,79244.8426,78721.31109359351,78234.5875,77747.86390640648,0
2026-05-17 01:00:00,77945.85,78114.0,77721.19,77725.71,516.53667,24.75706259582377,-306.2227386329323,-333.32410280754425,27.101364174611945,78169.5045,79177.557,78551.66560810039,78169.5045,77787.3433918996,1
2026-05-17 02:00:00,77725.72,77938.0,77725.71,77895.51,256.64293,32.63804780485721,-302.15528388982057,-327.0903390239995,24.935055134178924,78131.87999999999,79105.0938,78462.95054995193,78131.87999999999,77800.80945004805,1
2026-05-17 03:00:00,77895.5,78079.3,77888.0,78028.88,200.15322,38.12040562723957,-284.88596426042204,-318.649464071284,33.76349981086196,78114.8355,79043.05119999999,78429.87378133176,78114.8355,77799.79721866825,1
2026-05-17 04:00:00,78028.88,78203.93,78003.35,78158.09,375.99093,42.96355455231653,-257.80195641107275,-306.47996253924174,48.67800612816899,78101.412,78980.2302,78383.31289547472,78101.412,77819.51110452527,0
2026-05-17 05:00:00,78158.08,78323.96,78102.42,78121.41,258.98839,41.959564925459865,-236.57041799450235,-292.4980536302939,55.927635635791546,78103.30850000001,78921.4754,78385.21167610212,78103.30850000001,77821.40532389791,0
2026-05-17 06:00:00,78121.41,78204.01,78017.0,78104.8,136.86954,41.48677987413615,-218.56507686477562,-277.7114582771903,59.146381412414655,78110.5485,78869.0772,78384.68844597005,78110.5485,77836.40855402996,1
2026-05-17 07:00:00,78104.79,78208.69,78053.79,78180.01,180.24659,44.53430875085306,-195.9678998900199,-261.3627465997562,65.39484670973627,78115.4635,78825.4772,78390.88087282979,78115.4635,77840.04612717021,0
2026-05-17 08:00:00,78180.0,78200.91,78033.01,78089.8,117.37418,41.72709332876644,-183.22654585122655,-245.73550645005025,62.508960598823705,78119.59199999999,78775.6732,78390.83981316992,78119.59199999999,77848.34418683006,1
2026-05-17 09:00:00,78089.8,78293.97,78073.52,78249.33,196.43485,47.97282903132227,-158.42991182254627,-228.27438752454947,69.8444757020032,78131.3285,78724.3622,78403.69979095498,78131.3285,77858.95720904502,1
2026-05-17 10:00:00,78249.33,78599.99,78249.03,78465.99,564.92985,55.02340437290515,-119.91346166533185,-206.60220235270597,86.68874068737412,78148.1005,78680.922,78457.06726666675,78148.1005,77839.13373333325,0
2026-05-17 11:00:00,78465.99,78473.82,78289.0,78415.99,257.4445,53.23060497620191,-92.3588245146384,-183.75352678509248,91.39470227045408,78156.96650000001,78639.4458,78485.38457053894,78156.96650000001,77828.54842946108,0
2026-05-17 12:00:00,78415.99,78550.0,78333.8,78364.83,254.43689,51.385709309884824,-73.79905096905713,-161.76263162188542,87.96358065282828,78164.91,78592.4178,78505.1560971202,78164.91,77824.66390287981,0
2026-05-17 13:00:00,78364.83,78364.83,78173.15,78202.91,260.27625,45.95677489618808,-71.3335981801356,-143.67682493353547,72.34322675339988,78164.98049999999,78543.9054,78505.25747704152,78164.98049999999,77824.70352295846,0
2026-05-17 14:00:00,78202.91,78217.33,77850.0,78051.51,397.56893,41.53776082940385,-80.66655000443279,-131.07476994771494,50.40821994328215,78156.0655,78497.23340000001,78498.41773128309,78156.0655,77813.7132687169,0
2026-05-17 15:00:00,78051.51,78119.42,77920.76,78051.41,203.63392,41.534919981212106,-87.06739203196776,-122.27329436456552,35.20590233259776,78145.653,78483.0898,78487.43591398123,78145.653,77803.87008601878,0
2026-05-17 16:00:00,78051.42,78193.66,78025.23,78034.36,142.87987,41.01980099060817,-92.4501897226728,-116.30867343618698,23.858483713514175,78134.321,78460.76960000001,78475.08212407593,78134.321,77793.55987592407,1
2026-05-17 17:00:00,78034.37,78092.44,77856.69,78089.98,296.4389,43.48226676363207,-91.17699486813217,-111.28233772257602,20.105342854443848,78125.53349999999,78439.5638,78461.31441496758,78125.53349999999,77789.7525850324,1
2026-05-17 18:00:00,78089.99,78271.59,78014.33,78268.05,172.43416,50.594181270606,-74.93540921436215,-104.01295202093324,29.07754280657109,78129.6235,78419.0386,78470.22121334594,78129.6235,77789.02578665406,1
2026-05-17 19:00:00,78268.04,78468.46,78209.96,78415.3,225.32283,55.5727081989673,-49.610116645591916,-93.13238494586498,43.52226830027307,78142.986,78398.1446,78505.67992338652,78142.986,77780.29207661349,0
2026-05-17 20:00:00,78415.29,78435.32,78248.8,78277.36,205.39109,50.44460145489872,-40.20676643762272,-82.54726124421653,42.34049480659381,78159.5615,78378.01180000001,78514.92982601756,78159.5615,77804.19317398244,1
2026-05-17 21:00:00,78277.36,78485.36,78243.5,78405.72,293.90051,54.63928813283407,-22.141728338086978,-70.46615466299062,48.32442632490364,78193.562,78363.1962,78503.61987806404,78193.562,77883.50412193597,0
2026-05-17 22:00:00,78405.72,78414.16,77830.0,77997.24,585.78673,42.35304806474134,-40.32118021634233,-64.43715977366097,24.11597955731864,78198.64850000001,78340.6786,78491.86150178639,78198.64850000001,77905.43549821363,0
2026-05-17 23:00:00,77997.24,78008.18,76735.16,77457.67,2031.42401,32.08876450302675,-97.14746097319585,-70.97922001356794,-26.16824095962791,78170.088,78310.36200000001,78602.24146180441,78170.088,77737.9345381956,0
2026-05-18 00:00:00,77457.67,77477.99,76916.6,77209.95,1062.83033,28.655198845551865,-160.3235218399932,-88.84808037885298,-71.4754414611402,78122.68100000001,78272.4134,78724.4376994737,78122.68100000001,77520.92430052633,0
2026-05-18 01:00:00,77209.95,77291.54,76744.95,77109.22,771.47833,27.372599963770426,-216.02882853802294,-114.28423001068697,-101.74459852733597,78072.07149999999,78232.3336,78818.5875118955,78072.07149999999,77325.55548810448,0
2026-05-18 02:00:00,77109.21,77222.03,76707.61,76835.41,544.67309,24.20153268769853,-279.05311351752607,-147.2380067120548,-131.81510680547126,78008.602,78186.8034,78928.83281260588,78008.602,77088.37118739412,1
2026-05-18 03:00:00,76835.41,77030.42,76817.14,76924.65,509.0298,27.163192991043857,-318.13216170924716,-181.4168377114933,-136.71532399775387,77945.834,78141.93639999999,78975.48428448556,77945.834,76916.18371551445,1
2026-05-18 04:00:00,76924.66,77069.77,76772.01,77038.49,354.48166,30.873739607221438,-336.0429583071964,-212.3420618306339,-123.70089647656249,77893.2685,78099.5954,78993.10329041905,77893.2685,76793.43370958096,0
2026-05-18 05:00:00,77038.49,77080.93,76884.33,76931.4,586.83852,29.35857213756678,-354.7888763448427,-240.83142473347567,-113.95745161136705,77827.372,78056.5598,78990.10559600084,77827.372,76664.63840399917,0
2026-05-18 06:00:00,76931.4,76967.8,76583.33,76912.52,621.71728,29.08754286982601,-366.9387679544452,-266.0528933776696,-100.88587457677562,77749.6985,78014.105,78938.66484572047,77749.6985,76560.73215427953,1
2026-05-18 07:00:00,76912.53,77089.29,76771.53,77073.69,1139.6298,34.634993784193455,-359.4194093242986,-284.72619656699544,-74.69321275730317,77682.58350000001,77975.0314,78865.05206371569,77682.58350000001,76500.11493628433,0
2026-05-18 08:00:00,77073.69,77181.88,76890.34,77040.42,562.21651,34.0429532512963,-352.0862433397415,-298.1982059215447,-53.8880374181968,77616.363,77942.87980000001,78786.86461063055,77616.363,76445.86138936944,0
2026-05-18 09:00:00,77040.43,77048.14,76877.17,76933.16,365.74952,32.13576051420425,-350.88485980950645,-308.73553669913707,-42.14932311036938,77552.8755,77914.14760000001,78726.96968747544,77552.8755,76378.78131252454,0
2026-05-18 10:00:00,76933.17,76957.35,76716.99,76764.74,432.20236,29.354845548972037,-359.3801307210233,-318.8644555035143,-40.515675217509,77488.537,77880.9112,78687.05426357551,77488.537,76290.01973642448,1
2026-05-18 11:00:00,76764.75,77403.48,76668.58,77285.83,692.38548,45.165695740320736,-320.37203664064873,-319.16597173094124,-1.206064909707493,77450.258,77864.95820000001,78623.04754909588,77450.258,76277.46845090413,1
2026-05-18 12:00:00,77285.83,77800.0,77275.96,77639.98,980.76582,52.883672511130115,-257.90789413733,-306.914356212219,49.00646207488899,77430.539,77858.55780000001,78576.33297310358,77430.539,76284.74502689643,0
2026-05-18 13:00:00,77639.99,77639.99,76695.31,76937.7,1116.5633,40.661632995864494,-262.0519660320133,-297.94187817617785,35.889912144164555,77372.925,77835.67760000001,78495.9441032678,77372.925,76249.9058967322,0
2026-05-18 14:00:00,76937.7,76954.25,76230.02,76393.65,2158.59337,34.08887118556336,-305.7123988152307,-299.4959823039884,-6.216416511242301,77279.205,77803.406,78400.62566358004,77279.205,76157.78433641997,1
2026-05-18 15:00:00,76393.66,76485.29,76051.0,76409.46,1960.17489,34.420619045118414,-335.1741920349741,-306.63162425018555,-28.54256778478856,77178.913,77771.30320000001,78232.71529020826,77178.913,76125.11070979174,1
2026-05-18 16:00:00,76409.46,76665.68,76218.0,76410.01,1252.9383,34.43298279782273,-354.39327000445337,-316.1839534010391,-38.209316603414266,77085.54550000001,77736.8924,78061.53449017512,77085.54550000001,76109.55650982489,1
2026-05-18 17:00:00,76410.0,76757.21,76366.13,76706.39,450.87486,40.89915914343764,-341.7694334277767,-321.30104940638665,-20.468384021390023,77000.579,77706.2468,77777.66131288579,77000.579,76223.49668711421,0
2026-05-18 18:00:00,76706.38,76706.38,76144.24,76252.5,779.57136,35.17759618767985,-364.19190410498413,-329.8792203461062,-34.31268375887794,76913.34199999999,77667.1776,77610.96191986166,76913.34199999999,76215.72208013832,1
2026-05-18 19:00:00,76252.01,76995.0,76235.0,76928.0,812.47229,47.04971034527325,-323.72299191071943,-328.6479746590288,4.9249827483093895,76886.8585,77641.7076,77538.51210934683,76886.8585,76235.20489065317,0
2026-05-18 20:00:00,76928.0,77182.14,76874.73,76909.92,463.85785,46.80263410478135,-289.76970752023044,-320.87232123126915,31.102613711038714,76871.857,77615.30979999999,77506.66483678822,76871.857,76237.04916321179,1
2026-05-18 21:00:00,76909.92,77174.23,76800.0,77103.05,491.7356,49.833217741725875,-244.4595307753043,-305.58976314007623,61.13023236477193,76871.5485,77592.17760000001,77505.90046133909,76871.5485,76237.19653866092,0
2026-05-18 22:00:00,77103.04,77222.79,76937.19,77078.22,359.68174,49.443226715870374,-208.15498169281636,-286.10280685062423,77.94782515780787,76883.68899999998,77568.522,77524.07503001606,76883.68899999998,76243.30296998391,0
2026-05-18 23:00:00,77078.22,77160.79,76948.8,77001.87,275.05472,48.19426801835261,-183.42970840376802,-265.568187161253,82.13847875748496,76887.55,77543.2448,77529.80573349232,76887.55,76245.29426650768,1
2026-05-19 00:00:00,77001.88,77414.62,76955.99,77140.87,556.43712,50.63891637769501,-150.87936940632062,-242.63042361026652,91.7510542039459,76892.669,77522.33720000001,77541.25610927658,76892.669,76244.0818907234,0
2026-05-19 01:00:00,77140.86,77156.2,76667.0,76667.01,769.46148,43.16144890216515,-161.45834176550852,-226.39600724131492,64.9376654758064,76879.4495,77492.71639999999,77535.079423343,76879.4495,76223.819576657,0
2026-05-19 02:00:00,76667.01,76997.33,76487.83,76617.47,469.02583,42.455625572520006,-171.85863815215998,-215.48853342348394,43.62989527132396,76864.697,77466.1488,77529.89469350752,76864.697,76199.49930649248,1
2026-05-19 03:00:00,76617.46,76867.23,76586.11,76787.11,211.83571,45.72849588527306,-164.51597990066512,-205.2940227189202,40.778042818255074,76850.36799999999,77447.3768,77509.25723514326,76850.36799999999,76191.47876485671,1
2026-05-19 04:00:00,76787.1,76943.75,76700.0,76927.25,239.72033,48.34233714963726,-145.7090997332416,-193.3770381217845,47.66793838854289,76844.7095,77428.0116,77498.89996579928,76844.7095,76190.51903420071,0
2026-05-19 05:00:00,76927.25,77000.0,76644.98,76911.24,392.43215,48.057574450133814,-130.59101299541362,-180.81983309651034,50.228820101096716,76843.6135,77405.6588,77497.28078843861,76843.6135,76189.9462115614,1
2026-05-19 06:00:00,76911.25,77108.68,76886.13,77029.4,386.11356,50.3806859178047,-107.83227252567303,-166.22232098234286,58.39004845666983,76856.84650000001,77383.085,77514.29580887083,76856.84650000001,76199.3971911292,1
2026-05-19 07:00:00,77029.41,77278.57,76974.72,77233.69,490.1935,54.19504514631665,-72.4758545220102,-147.47302769027635,74.99717316826616,76854.2395,77365.3306,77505.24583175316,76854.2395,76203.23316824684,0
2026-05-19 08:00:00,77233.68,77317.02,76972.96,77048.71,465.92336,50.4158422228491,-58.70526087786129,-129.71947432779334,71.01421344993204,76824.676,77344.2088,77376.39999826332,76824.676,76272.95200173669,0
2026-05-19 09:00:00,77048.72,77074.05,76709.29,76818.8,385.08727,46.1118548251455,-65.58772727200994,-116.89312491663667,51.30539764462672,76818.731,77316.9846,77368.0123657131,76818.731,76269.4496342869,1
2026-05-19 10:00:00,76818.8,77103.97,76704.0,77041.87,464.38738,50.52508902414063,-52.43777670022973,-104.00205527335528,51.56427857312555,76851.14199999999,77296.026,77372.03311951317,76851.14199999999,76330.25088048681,0
2026-05-19 11:00:00,77041.87,77076.53,76633.83,76714.62,430.29111,44.73678090129669,-67.64294047790463,-96.73023231426517,29.087291836360535,76866.4,77265.3318,77351.27873288454,76866.4,76381.52126711544,1
2026-05-19 12:00:00,76714.61,76982.89,76650.06,76940.21,257.11004,49.06845962146106,-60.7891748851398,-89.5420208284401,28.7528459433003,76892.91,77234.8162,77330.77696838626,76892.91,76455.04303161375,0
2026-05-19 13:00:00,76940.2,77048.72,76596.0,76872.75,906.63403,47.8603479334033,-60.10808588928194,-83.65523384060847,23.547147951326536,76901.228,77203.95139999999,77330.84884277625,76901.228,76471.60715722376,0
2026-05-19 14:00:00,76872.74,77023.75,76144.71,76392.43,1426.24149,40.25979426919882,-97.20560207897506,-86.3653074882818,-10.840294590693262,76908.2245,77164.5034,77298.07542261374,76908.2245,76518.37357738626,1
2026-05-19 15:00:00,76392.43,76675.76,76337.97,76521.23,773.78391,42.87937740851706,-114.88820761702664,-92.06988751403077,-22.81832010299587,76887.886,77130.8698,77312.39024975465,76887.886,76463.38175024535,1
2026-05-19 16:00:00,76521.24,76911.0,76407.72,76894.59,568.91388,49.756990300480176,-97.64912981784437,-93.18573597479349,-4.463393843050881,76887.1195,77107.73139999999,77311.51718762654,76887.1195,76462.72181237346,0
2026-05-19 17:00:00,76894.59,77015.41,76759.39,76856.76,442.15826,49.11174713009887,-86.04769701430632,-91.75812818269605,5.710431168389732,76874.80500000001,77083.8384,77287.55910755527,76874.80500000001,76462.05089244475,0
2026-05-19 18:00:00,76856.76,76947.2,76744.8,76803.28,282.19478,48.16091513993841,-80.24386564953602,-89.45527567606405,9.211410026528029,76861.058,77059.2168,77263.99430507529,76861.058,76458.12169492472,1
2026-05-19 19:00:00,76803.28,77065.8,76765.14,76818.74,341.73224,48.471491749628605,-73.548967963201,-86.27401413349143,12.72504617029044,76851.9015,77033.79199999999,77249.91514139275,76851.9015,76453.88785860727,1
2026-05-19 20:00:00,76818.73,77040.24,76818.73,77022.23,147.68289,52.50495400175794,-51.23269236322085,-79.26574977943733,28.03305741621648,76845.9695,77008.8756,77229.86519549905,76845.9695,76462.07380450096,0
2026-05-19 21:00:00,77022.22,77040.83,76973.76,76982.34,185.29058,51.6514248062996,-36.34669076935097,-70.68193797742006,34.33524720806909,76861.736,76980.2164,77240.80810008087,76861.736,76482.66389991913,0
2026-05-19 22:00:00,76982.34,76982.34,76642.95,76712.21,233.07768,46.17701370460036,-45.81849361436616,-65.70924910480929,19.890755490443127,76866.47300000001,76948.9134,77235.45041064697,76866.47300000001,76497.49558935306,1
2026-05-19 23:00:00,76712.22,76980.07,76670.52,76834.36,199.1312,48.81864509337517,-42.973114149761386,-61.162022113799715,18.18890796403833,76868.8355,76917.4862,77236.35224212577,76868.8355,76501.31875787424,0
2026-05-20 00:00:00,76834.36,76896.5,76516.74,76788.83,236.25061,47.875440150174796,-43.88612893789832,-57.70684347861944,13.82071454072112,76861.9145,76893.318,77229.98335228543,76861.9145,76493.84564771457,1
2026-05-20 01:00:00,76788.83,76922.46,76536.59,76820.98,358.53384,48.630178491914336,-41.53665472418652,-54.47280572773286,12.936151003546343,76857.4015,76880.5842,77225.1537766955,76857.4015,76489.64922330451,0
2026-05-20 02:00:00,76820.98,76909.62,76600.0,76690.42,293.25018,45.73411461944672,-49.63758911829791,-53.50576240584588,3.868173287547968,76840.45249999998,76870.1936,77206.1744299942,76840.45249999998,76474.73057000578,1
2026-05-20 03:00:00,76690.42,76829.61,76604.99,76723.54,673.76637,46.602845494614485,-52.776753226295114,-53.35996056993573,0.5832073436406162,76814.94499999999,76862.48,77135.81344672489,76814.94499999999,76494.0765532751,1
2026-05-20 04:00:00,76723.55,76836.82,76692.0,76780.37,365.31048,48.137064881951055,-50.10132051059918,-52.708232558068424,2.606912047469244,76801.528,76861.3792,77104.09430286208,76801.528,76498.96169713793,1
2026-05-20 05:00:00,76780.37,77320.0,76780.37,77196.99,973.23466,57.72635017365656,-14.199584673406207,-45.00650298113598,30.806918307729774,76820.4375,76866.826,77168.76847071415,76820.4375,76472.10652928585,1
2026-05-20 06:00:00,77196.99,77422.0,77179.93,77414.11,528.12463,61.70068583974324,31.410488528650603,-29.723104679178665,61.133593207829264,76839.0495,76874.3384,77264.05747171663,76839.0495,76414.04152828336,0
2026-05-20 07:00:00,77414.1,77472.21,77241.13,77282.64,351.42212,58.13653977396007,56.29928675216797,-12.518626392909336,68.81791314507731,76867.4505,76881.36319999999,77329.6877497568,76867.4505,76405.2132502432,1
2026-05-20 08:00:00,77282.65,77635.52,77210.33,77458.04,548.89961,61.34474167523446,89.14949291871744,7.814997469416019,81.33449544930143,76893.34199999999,76892.2736,77422.1918827718,76893.34199999999,76364.49211722818,1
2026-05-20 09:00:00,77458.05,77543.59,77365.94,77485.13,360.90275,61.831259214651276,116.03191093617352,29.458380162767522,86.57353077340599,76923.961,76900.5024,77512.08505762713,76923.961,76335.83694237286,1
2026-05-20 10:00:00,77485.14,77663.0,77485.14,77517.45,409.79863,62.438663689067035,138.34956709302787,51.236617548819595,87.11294954420828,76980.212,76910.043,77569.42673588828,76980.212,76390.99726411172,0
2026-05-20 11:00:00,77517.46,77569.1,77328.2,77382.49,362.81092,58.268775170441124,143.49223710659135,69.68774146037396,73.80449564621739,77023.275,76919.0296,77597.72163782109,77023.275,76448.8283621789,1
2026-05-20 12:00:00,77382.5,77748.05,77365.52,77617.26,377.41047,62.90921440698708,164.61424652340065,88.6730424729793,75.94120405042135,77059.40849999999,76936.08,77685.52198062073,77059.40849999999,76433.29501937925,0
2026-05-20 13:00:00,77617.26,77650.62,76968.05,77204.61,682.21238,51.97023984105215,146.36893485255132,100.2122209488937,46.15671390365762,77076.801,76934.4556,77698.74272283266,77076.801,76454.85927716736,1
2026-05-20 14:00:00,77204.61,77574.29,76891.61,77446.08,1202.39421,56.71353831794641,149.6687170494406,110.10352016900309,39.56519688043751,77108.94099999999,76930.5776,77737.42348717056,77108.94099999999,76480.45851282943,1
2026-05-20 15:00:00,77446.01,77853.04,77300.0,77455.46,777.75101,56.89163504018076,151.2966521945782,118.34214657411812,32.95450562046008,77140.777,76940.9328,77771.73490072567,77140.777,76509.81909927433,0
2026-05-20 16:00:00,77455.45,77557.0,77018.38,77338.6,407.4641,53.91541836324736,141.5257563431078,122.97886852791606,18.546887815191724,77156.5955,76959.8318,77790.72725471914,77156.5955,76522.46374528085,1
2026-05-20 17:00:00,77338.6,77713.66,77230.86,77568.95,501.34929,58.521638989182726,150.63316550401214,128.50972792313527,22.123437580876868,77185.926,76983.02160000001,77839.08464864535,77185.926,76532.76735135466,0
2026-05-20 18:00:00,77568.95,77634.52,77398.63,77415.09,414.50917,54.59632255770469,143.7782505673531,131.56343245197883,12.214818115374271,77221.06999999999,77003.1232,77843.402447655,77221.06999999999,76598.73755234499,1
2026-05-20 19:00:00,77415.09,77709.68,77350.71,77667.49,388.96569,59.40651879658757,156.90356506919488,136.63145897542205,20.272106093772834,77262.7265,77022.34520000001,77887.4711341469,77262.7265,76637.98186585311,1
2026-05-20 20:00:00,77667.49,77760.0,77476.19,77720.01,357.7103,60.347884088757375,169.58848594593292,143.22286436952425,26.36562157640867,77309.2855,77051.6954,77924.54232223232,77309.2855,76694.02867776768,0
2026-05-20 21:00:00,77720.01,77766.6,77500.0,77500.01,158.00627,54.632616936171445,160.0443243998161,146.58715637558262,13.457168024233482,77343.237,77063.1356,77920.7461814062,77343.237,76765.72781859379,1
2026-05-20 22:00:00,77500.01,77504.69,77226.61,77504.69,367.95652,54.730833523955205,151.11617134347034,147.4929593691602,3.623211974310152,77383.9505,77075.031,77880.80652081843,77383.9505,76887.09447918159,1
2026-05-20 23:00:00,77504.69,77559.34,77386.93,77552.23,198.22886,55.778145506340785,146.19142269426084,147.23265203418032,-1.0412293399194823,77425.385,77084.0146,77823.42246881993,77425.385,77027.34753118006,1
2026-05-21 00:00:00,77552.24,78071.42,77525.0,77967.09,547.83434,63.67577865746849,173.7612472831388,152.538371083972,21.22287619916679,77484.72099999999,77101.792,77830.88681916858,77484.72099999999,77138.5551808314,0
2026-05-21 01:00:00,77967.09,78173.15,77800.0,77863.85,453.71737,60.76733080076046,185.14568253330071,159.05983337383776,26.085849159462953,77518.06399999998,77119.0316,77875.23858731089,77518.06399999998,77160.88941268908,1
2026-05-21 02:00:00,77863.85,78100.0,77820.1,77955.78,820.7986,62.413639380491595,199.28863684571115,167.10559406821244,32.18304277749871,77545.14749999999,77135.32979999999,77946.14300426377,77545.14749999999,77144.15199573622,1
2026-05-21 03:00:00,77955.78,78098.85,77908.0,78078.72,441.60659,64.55569378541082,217.90538296688464,177.26555184794688,40.639831118937764,77584.9515,77163.564,78029.49378799497,77584.9515,77140.40921200502,0
2026-05-21 04:00:00,78078.72,78180.01,77965.36,78035.8,365.79347,63.20150617249275,226.58408282860182,187.12925804407786,39.454824784523964,77613.8395,77191.93059999999,78095.2035492017,77613.8395,77132.4754507983,0
2026-05-21 05:00:00,78035.8,78147.07,77714.94,77828.0,390.37362,56.97041403602848,214.2248410355969,192.54837464238167,21.676466393215236,77630.983,77212.7484,78117.18816900674,77630.983,77144.77783099325,0
2026-05-21 06:00:00,77828.0,77873.15,77533.45,77622.14,317.41875,51.548372823334724,185.67848531702475,191.1743967773103,-5.495911460285555,77636.2175,77226.6462,78119.66714341685,77636.2175,77152.76785658314,1
2026-05-21 07:00:00,77622.14,77901.06,77521.0,77889.01,380.5065,57.23106746580801,182.48588769913476,189.43669496167522,-6.950807262540451,77661.5435,77246.20159999999,78142.23385082463,77661.5435,77180.85314917537,1
2026-05-21 08:00:00,77889.01,78200.0,77885.53,77924.63,493.4737,57.9401431398231,180.74643500479579,187.69864297029935,-6.952207965503561,77676.912,77264.1062,78170.43924932767,77676.912,77183.38475067233,0
2026-05-21 09:00:00,77924.63,77977.53,77633.02,77633.02,277.92731,50.551103489356365,154.0614913268364,180.97121264160677,-26.909721314770366,77698.33249999999,77272.0928,78142.7481390587,77698.33249999999,77253.91686094127,0
2026-05-21 10:00:00,77633.03,77678.01,77190.09,77198.08,783.43483,41.95660740706006,96.70272928482154,164.1175159702497,-67.41478668542817,77685.93250000001,77275.0802,78169.88959338737,77685.93250000001,77201.97540661265,0
2026-05-21 11:00:00,77198.09,77372.0,77147.15,77189.1,380.03818,41.79859792055989,49.94514957343927,141.2830426908876,-91.33789311744835,77672.6145,77282.4862,78194.3902983118,77672.6145,77150.83870168819,1
2026-05-21 12:00:00,77189.1,77333.9,77080.72,77330.0,350.15111,45.28070883424783,23.982428721807082,117.82291989707151,-93.84049117526443,77672.1845,77288.2488,78195.0736335493,77672.1845,77149.29536645071,0
